sr_type,community_area,community_area_name,year,requests,closed,still_open,median_days,p90_days
Abandoned Vehicle Complaint,1,Rogers Park,2019,311,311,0,15.49,60.17
Abandoned Vehicle Complaint,1,Rogers Park,2020,448,391,57,13.66,48.79
Abandoned Vehicle Complaint,1,Rogers Park,2021,492,492,0,11.97,26.58
Abandoned Vehicle Complaint,1,Rogers Park,2022,593,590,3,15.8,55.45
Abandoned Vehicle Complaint,1,Rogers Park,2023,775,766,9,10.83,26.44
Abandoned Vehicle Complaint,1,Rogers Park,2024,779,767,12,14.89,45.36
Abandoned Vehicle Complaint,1,Rogers Park,2025,866,864,2,10.92,67.07
Abandoned Vehicle Complaint,1,Rogers Park,2026,598,562,36,13.7,49.77
Abandoned Vehicle Complaint,2,West Ridge,2019,632,632,0,11.42,38.86
Abandoned Vehicle Complaint,2,West Ridge,2020,837,732,105,10.66,68.19
Abandoned Vehicle Complaint,2,West Ridge,2021,1116,1115,1,12.69,29.72
Abandoned Vehicle Complaint,2,West Ridge,2022,1191,1188,3,14.7,48.77
Abandoned Vehicle Complaint,2,West Ridge,2023,1350,1345,5,9.86,23.79
Abandoned Vehicle Complaint,2,West Ridge,2024,1488,1482,6,13.81,40.89
Abandoned Vehicle Complaint,2,West Ridge,2025,1420,1410,10,13.03,70.55
Abandoned Vehicle Complaint,2,West Ridge,2026,1134,1059,75,14.53,36.95
Abandoned Vehicle Complaint,3,Uptown,2019,218,218,0,13.79,44.14
Abandoned Vehicle Complaint,3,Uptown,2020,352,291,61,13.54,51.16
Abandoned Vehicle Complaint,3,Uptown,2021,373,373,0,13.99,31.85
Abandoned Vehicle Complaint,3,Uptown,2022,481,479,2,14.92,49.76
Abandoned Vehicle Complaint,3,Uptown,2023,511,510,1,9.85,31.84
Abandoned Vehicle Complaint,3,Uptown,2024,486,484,2,17.21,57.96
Abandoned Vehicle Complaint,3,Uptown,2025,571,569,2,14.08,62.16
Abandoned Vehicle Complaint,3,Uptown,2026,395,365,30,20.04,59.53
Abandoned Vehicle Complaint,4,Lincoln Square,2019,269,269,0,14.24,36.78
Abandoned Vehicle Complaint,4,Lincoln Square,2020,338,284,54,15.91,50.8
Abandoned Vehicle Complaint,4,Lincoln Square,2021,441,440,1,12.92,35.66
Abandoned Vehicle Complaint,4,Lincoln Square,2022,466,462,4,16.7,54.41
Abandoned Vehicle Complaint,4,Lincoln Square,2023,546,546,0,8.73,22.58
Abandoned Vehicle Complaint,4,Lincoln Square,2024,626,624,2,11.9,27.27
Abandoned Vehicle Complaint,4,Lincoln Square,2025,638,635,3,11.05,68.54
Abandoned Vehicle Complaint,4,Lincoln Square,2026,502,463,39,14.64,29.13
Abandoned Vehicle Complaint,5,North Center,2019,262,262,0,15.62,47.62
Abandoned Vehicle Complaint,5,North Center,2020,375,287,88,18.75,46.41
Abandoned Vehicle Complaint,5,North Center,2021,358,358,0,13.35,41.68
Abandoned Vehicle Complaint,5,North Center,2022,497,493,4,15.67,45.63
Abandoned Vehicle Complaint,5,North Center,2023,535,533,2,10.5,28.29
Abandoned Vehicle Complaint,5,North Center,2024,467,457,10,13.77,36.79
Abandoned Vehicle Complaint,5,North Center,2025,655,653,2,12.93,62.67
Abandoned Vehicle Complaint,5,North Center,2026,579,549,30,14.75,29.58
Abandoned Vehicle Complaint,6,Lake View,2019,323,323,0,15.71,43.98
Abandoned Vehicle Complaint,6,Lake View,2020,319,248,71,16.36,53.32
Abandoned Vehicle Complaint,6,Lake View,2021,396,396,0,15.58,42.78
Abandoned Vehicle Complaint,6,Lake View,2022,512,510,2,21.25,58.97
Abandoned Vehicle Complaint,6,Lake View,2023,567,564,3,11.93,35.93
Abandoned Vehicle Complaint,6,Lake View,2024,491,488,3,21.77,57.89
Abandoned Vehicle Complaint,6,Lake View,2025,587,586,1,18.74,62.69
Abandoned Vehicle Complaint,6,Lake View,2026,608,568,40,18.9,46.05
Abandoned Vehicle Complaint,7,Lincoln Park,2019,235,235,0,16.54,54.89
Abandoned Vehicle Complaint,7,Lincoln Park,2020,212,165,47,16.82,57.96
Abandoned Vehicle Complaint,7,Lincoln Park,2021,365,365,0,15.62,46.71
Abandoned Vehicle Complaint,7,Lincoln Park,2022,360,353,7,24.5,64.66
Abandoned Vehicle Complaint,7,Lincoln Park,2023,508,508,0,12.56,33.93
Abandoned Vehicle Complaint,7,Lincoln Park,2024,398,395,3,22.59,59.0
Abandoned Vehicle Complaint,7,Lincoln Park,2025,486,483,3,19.49,54.6
Abandoned Vehicle Complaint,7,Lincoln Park,2026,351,314,37,20.29,41.27
Abandoned Vehicle Complaint,8,Near North Side,2019,148,148,0,11.76,55.39
Abandoned Vehicle Complaint,8,Near North Side,2020,163,125,38,15.23,52.97
Abandoned Vehicle Complaint,8,Near North Side,2021,227,227,0,13.46,45.75
Abandoned Vehicle Complaint,8,Near North Side,2022,191,187,4,19.81,51.58
Abandoned Vehicle Complaint,8,Near North Side,2023,204,204,0,10.81,31.05
Abandoned Vehicle Complaint,8,Near North Side,2024,222,219,3,17.96,54.12
Abandoned Vehicle Complaint,8,Near North Side,2025,195,194,1,18.99,54.84
Abandoned Vehicle Complaint,8,Near North Side,2026,197,183,14,17.81,37.38
Abandoned Vehicle Complaint,9,Edison Park,2019,63,63,0,7.96,21.11
Abandoned Vehicle Complaint,9,Edison Park,2020,63,33,30,14.06,110.16
Abandoned Vehicle Complaint,9,Edison Park,2021,79,79,0,7.9,21.62
Abandoned Vehicle Complaint,9,Edison Park,2022,68,68,0,15.26,45.83
Abandoned Vehicle Complaint,9,Edison Park,2023,86,86,0,10.09,25.8
Abandoned Vehicle Complaint,9,Edison Park,2024,88,88,0,11.86,30.9
Abandoned Vehicle Complaint,9,Edison Park,2025,135,133,2,16.75,68.09
Abandoned Vehicle Complaint,9,Edison Park,2026,106,103,3,18.91,42.48
Abandoned Vehicle Complaint,10,Norwood Park,2019,330,330,0,10.76,40.33
Abandoned Vehicle Complaint,10,Norwood Park,2020,401,324,77,13.02,50.76
Abandoned Vehicle Complaint,10,Norwood Park,2021,490,490,0,6.84,22.73
Abandoned Vehicle Complaint,10,Norwood Park,2022,482,479,3,15.85,51.02
Abandoned Vehicle Complaint,10,Norwood Park,2023,532,532,0,9.89,25.27
Abandoned Vehicle Complaint,10,Norwood Park,2024,682,678,4,13.92,30.96
Abandoned Vehicle Complaint,10,Norwood Park,2025,720,717,3,13.94,34.14
Abandoned Vehicle Complaint,10,Norwood Park,2026,651,611,40,16.8,40.8
Abandoned Vehicle Complaint,11,Jefferson Park,2019,296,296,0,11.86,33.06
Abandoned Vehicle Complaint,11,Jefferson Park,2020,390,310,80,15.67,101.66
Abandoned Vehicle Complaint,11,Jefferson Park,2021,395,395,0,9.79,22.66
Abandoned Vehicle Complaint,11,Jefferson Park,2022,474,473,1,14.87,42.66
Abandoned Vehicle Complaint,11,Jefferson Park,2023,448,447,1,9.98,22.4
Abandoned Vehicle Complaint,11,Jefferson Park,2024,590,589,1,12.81,32.57
Abandoned Vehicle Complaint,11,Jefferson Park,2025,611,610,1,14.66,42.94
Abandoned Vehicle Complaint,11,Jefferson Park,2026,555,512,43,18.0,41.0
Abandoned Vehicle Complaint,12,Forest Glen,2019,154,154,0,8.88,29.56
Abandoned Vehicle Complaint,12,Forest Glen,2020,174,132,42,10.07,52.88
Abandoned Vehicle Complaint,12,Forest Glen,2021,170,170,0,6.35,21.52
Abandoned Vehicle Complaint,12,Forest Glen,2022,182,180,2,16.77,45.14
Abandoned Vehicle Complaint,12,Forest Glen,2023,239,236,3,8.29,22.55
Abandoned Vehicle Complaint,12,Forest Glen,2024,201,201,0,15.42,35.02
Abandoned Vehicle Complaint,12,Forest Glen,2025,265,264,1,14.63,39.73
Abandoned Vehicle Complaint,12,Forest Glen,2026,223,220,3,16.03,37.91
Abandoned Vehicle Complaint,13,North Park,2019,134,134,0,13.85,39.49
Abandoned Vehicle Complaint,13,North Park,2020,206,166,40,12.95,100.19
Abandoned Vehicle Complaint,13,North Park,2021,256,256,0,7.41,23.02
Abandoned Vehicle Complaint,13,North Park,2022,309,308,1,14.02,37.58
Abandoned Vehicle Complaint,13,North Park,2023,267,266,1,11.62,26.5
Abandoned Vehicle Complaint,13,North Park,2024,358,358,0,13.82,34.28
Abandoned Vehicle Complaint,13,North Park,2025,385,383,2,12.99,42.1
Abandoned Vehicle Complaint,13,North Park,2026,276,267,9,14.07,38.04
Abandoned Vehicle Complaint,14,Albany Park,2019,364,364,0,13.75,31.91
Abandoned Vehicle Complaint,14,Albany Park,2020,470,366,104,15.27,47.62
Abandoned Vehicle Complaint,14,Albany Park,2021,487,487,0,13.88,34.25
Abandoned Vehicle Complaint,14,Albany Park,2022,685,682,3,21.72,68.62
Abandoned Vehicle Complaint,14,Albany Park,2023,733,730,3,9.73,23.55
Abandoned Vehicle Complaint,14,Albany Park,2024,812,809,3,12.93,28.85
Abandoned Vehicle Complaint,14,Albany Park,2025,715,709,6,12.7,59.83
Abandoned Vehicle Complaint,14,Albany Park,2026,629,601,28,13.8,29.84
Abandoned Vehicle Complaint,15,Portage Park,2019,845,845,0,13.45,40.42
Abandoned Vehicle Complaint,15,Portage Park,2020,1003,840,163,13.9,83.23
Abandoned Vehicle Complaint,15,Portage Park,2021,1032,1032,0,9.64,27.72
Abandoned Vehicle Complaint,15,Portage Park,2022,1344,1335,9,15.81,42.69
Abandoned Vehicle Complaint,15,Portage Park,2023,1354,1351,3,10.68,23.69
Abandoned Vehicle Complaint,15,Portage Park,2024,1660,1656,4,12.36,30.0
Abandoned Vehicle Complaint,15,Portage Park,2025,1687,1679,8,11.84,44.05
Abandoned Vehicle Complaint,15,Portage Park,2026,1333,1263,70,14.88,34.03
Abandoned Vehicle Complaint,16,Irving Park,2019,619,619,0,14.95,42.15
Abandoned Vehicle Complaint,16,Irving Park,2020,917,745,172,14.0,64.37
Abandoned Vehicle Complaint,16,Irving Park,2021,910,910,0,9.33,32.71
Abandoned Vehicle Complaint,16,Irving Park,2022,1049,1041,8,17.51,58.81
Abandoned Vehicle Complaint,16,Irving Park,2023,1044,1043,1,8.67,21.81
Abandoned Vehicle Complaint,16,Irving Park,2024,1147,1142,5,11.76,29.63
Abandoned Vehicle Complaint,16,Irving Park,2025,1270,1264,6,11.63,56.61
Abandoned Vehicle Complaint,16,Irving Park,2026,841,800,41,13.08,28.87
Abandoned Vehicle Complaint,17,Dunning,2019,619,619,0,12.09,37.74
Abandoned Vehicle Complaint,17,Dunning,2020,736,593,143,12.73,46.73
Abandoned Vehicle Complaint,17,Dunning,2021,808,808,0,7.74,23.5
Abandoned Vehicle Complaint,17,Dunning,2022,1069,1064,5,13.63,38.64
Abandoned Vehicle Complaint,17,Dunning,2023,1204,1203,1,7.88,22.82
Abandoned Vehicle Complaint,17,Dunning,2024,1186,1181,5,12.68,33.54
Abandoned Vehicle Complaint,17,Dunning,2025,1444,1436,8,12.64,39.85
Abandoned Vehicle Complaint,17,Dunning,2026,1156,1083,73,14.74,28.12
Abandoned Vehicle Complaint,18,Montclare,2019,165,165,0,9.81,63.1
Abandoned Vehicle Complaint,18,Montclare,2020,216,177,39,13.39,45.5
Abandoned Vehicle Complaint,18,Montclare,2021,306,306,0,8.54,22.77
Abandoned Vehicle Complaint,18,Montclare,2022,259,258,1,14.38,39.22
Abandoned Vehicle Complaint,18,Montclare,2023,286,285,1,9.76,27.48
Abandoned Vehicle Complaint,18,Montclare,2024,483,482,1,14.66,35.86
Abandoned Vehicle Complaint,18,Montclare,2025,360,357,3,12.98,49.03
Abandoned Vehicle Complaint,18,Montclare,2026,211,203,8,12.03,36.6
Abandoned Vehicle Complaint,19,Belmont Cragin,2019,695,695,0,11.57,43.84
Abandoned Vehicle Complaint,19,Belmont Cragin,2020,1009,872,137,13.74,55.94
Abandoned Vehicle Complaint,19,Belmont Cragin,2021,1242,1242,0,8.56,28.52
Abandoned Vehicle Complaint,19,Belmont Cragin,2022,1611,1600,11,14.05,38.91
Abandoned Vehicle Complaint,19,Belmont Cragin,2023,1895,1891,4,9.02,25.93
Abandoned Vehicle Complaint,19,Belmont Cragin,2024,2110,2102,8,12.58,34.82
Abandoned Vehicle Complaint,19,Belmont Cragin,2025,2478,2467,11,11.04,51.33
Abandoned Vehicle Complaint,19,Belmont Cragin,2026,1893,1813,80,11.68,38.35
Abandoned Vehicle Complaint,20,Hermosa,2019,199,199,0,12.55,31.49
Abandoned Vehicle Complaint,20,Hermosa,2020,242,190,52,16.87,68.99
Abandoned Vehicle Complaint,20,Hermosa,2021,351,351,0,10.69,32.49
Abandoned Vehicle Complaint,20,Hermosa,2022,496,489,7,15.79,47.78
Abandoned Vehicle Complaint,20,Hermosa,2023,408,408,0,10.66,26.09
Abandoned Vehicle Complaint,20,Hermosa,2024,424,424,0,12.73,37.49
Abandoned Vehicle Complaint,20,Hermosa,2025,418,417,1,11.67,59.37
Abandoned Vehicle Complaint,20,Hermosa,2026,420,410,10,11.04,37.98
Abandoned Vehicle Complaint,21,Avondale,2019,426,426,0,14.42,46.58
Abandoned Vehicle Complaint,21,Avondale,2020,510,426,84,14.65,46.97
Abandoned Vehicle Complaint,21,Avondale,2021,612,612,0,11.74,34.59
Abandoned Vehicle Complaint,21,Avondale,2022,813,807,6,13.76,39.19
Abandoned Vehicle Complaint,21,Avondale,2023,840,838,2,9.12,24.51
Abandoned Vehicle Complaint,21,Avondale,2024,1216,1214,2,9.66,30.92
Abandoned Vehicle Complaint,21,Avondale,2025,790,778,12,9.75,51.03
Abandoned Vehicle Complaint,21,Avondale,2026,853,827,26,5.33,24.82
Abandoned Vehicle Complaint,22,Logan Square,2019,550,550,0,15.87,52.72
Abandoned Vehicle Complaint,22,Logan Square,2020,690,546,144,17.93,55.23
Abandoned Vehicle Complaint,22,Logan Square,2021,795,795,0,15.02,46.04
Abandoned Vehicle Complaint,22,Logan Square,2022,975,974,1,21.8,59.14
Abandoned Vehicle Complaint,22,Logan Square,2023,1029,1027,2,9.81,25.47
Abandoned Vehicle Complaint,22,Logan Square,2024,1078,1076,2,13.89,43.14
Abandoned Vehicle Complaint,22,Logan Square,2025,1196,1190,6,11.0,51.7
Abandoned Vehicle Complaint,22,Logan Square,2026,948,908,40,14.65,42.0
Abandoned Vehicle Complaint,23,Humboldt Park,2019,585,585,0,9.04,38.47
Abandoned Vehicle Complaint,23,Humboldt Park,2020,851,692,159,10.96,89.7
Abandoned Vehicle Complaint,23,Humboldt Park,2021,1058,1058,0,12.13,35.3
Abandoned Vehicle Complaint,23,Humboldt Park,2022,1141,1137,4,15.75,42.91
Abandoned Vehicle Complaint,23,Humboldt Park,2023,1157,1156,1,9.81,24.86
Abandoned Vehicle Complaint,23,Humboldt Park,2024,1094,1090,4,12.02,39.59
Abandoned Vehicle Complaint,23,Humboldt Park,2025,1372,1368,4,9.76,68.27
Abandoned Vehicle Complaint,23,Humboldt Park,2026,1066,1018,48,8.92,34.76
Abandoned Vehicle Complaint,24,West Town,2019,620,620,0,15.19,44.05
Abandoned Vehicle Complaint,24,West Town,2020,769,607,162,16.11,49.78
Abandoned Vehicle Complaint,24,West Town,2021,770,770,0,14.63,47.79
Abandoned Vehicle Complaint,24,West Town,2022,922,916,6,22.54,57.37
Abandoned Vehicle Complaint,24,West Town,2023,959,955,4,9.84,25.51
Abandoned Vehicle Complaint,24,West Town,2024,1103,1103,0,12.08,34.0
Abandoned Vehicle Complaint,24,West Town,2025,1242,1233,9,10.73,52.72
Abandoned Vehicle Complaint,24,West Town,2026,844,803,41,13.06,34.4
Abandoned Vehicle Complaint,25,Austin,2019,955,955,0,8.57,31.1
Abandoned Vehicle Complaint,25,Austin,2020,1714,1433,281,11.88,57.86
Abandoned Vehicle Complaint,25,Austin,2021,2353,2352,1,8.86,25.69
Abandoned Vehicle Complaint,25,Austin,2022,2140,2128,12,11.97,36.64
Abandoned Vehicle Complaint,25,Austin,2023,2289,2287,2,9.04,21.65
Abandoned Vehicle Complaint,25,Austin,2024,2344,2332,12,10.79,36.48
Abandoned Vehicle Complaint,25,Austin,2025,2984,2974,10,12.34,63.06
Abandoned Vehicle Complaint,25,Austin,2026,2273,2167,106,10.45,35.96
Abandoned Vehicle Complaint,26,West Garfield Park,2019,154,154,0,6.05,29.42
Abandoned Vehicle Complaint,26,West Garfield Park,2020,447,378,69,12.55,42.04
Abandoned Vehicle Complaint,26,West Garfield Park,2021,616,616,0,10.0,27.99
Abandoned Vehicle Complaint,26,West Garfield Park,2022,468,465,3,14.88,42.92
Abandoned Vehicle Complaint,26,West Garfield Park,2023,410,410,0,10.54,22.45
Abandoned Vehicle Complaint,26,West Garfield Park,2024,497,496,1,14.7,46.83
Abandoned Vehicle Complaint,26,West Garfield Park,2025,651,651,0,10.8,87.0
Abandoned Vehicle Complaint,26,West Garfield Park,2026,450,427,23,10.62,35.53
Abandoned Vehicle Complaint,27,East Garfield Park,2019,216,216,0,8.25,30.25
Abandoned Vehicle Complaint,27,East Garfield Park,2020,446,404,42,12.03,78.76
Abandoned Vehicle Complaint,27,East Garfield Park,2021,623,623,0,10.82,29.89
Abandoned Vehicle Complaint,27,East Garfield Park,2022,487,484,3,15.89,47.8
Abandoned Vehicle Complaint,27,East Garfield Park,2023,452,448,4,9.72,25.51
Abandoned Vehicle Complaint,27,East Garfield Park,2024,684,683,1,4.89,28.82
Abandoned Vehicle Complaint,27,East Garfield Park,2025,549,547,2,14.16,91.23
Abandoned Vehicle Complaint,27,East Garfield Park,2026,393,361,32,13.34,44.07
Abandoned Vehicle Complaint,28,Near West Side,2019,294,294,0,9.51,36.04
Abandoned Vehicle Complaint,28,Near West Side,2020,405,352,53,13.87,42.98
Abandoned Vehicle Complaint,28,Near West Side,2021,504,504,0,9.99,30.84
Abandoned Vehicle Complaint,28,Near West Side,2022,594,593,1,19.77,46.55
Abandoned Vehicle Complaint,28,Near West Side,2023,535,534,1,10.84,27.73
Abandoned Vehicle Complaint,28,Near West Side,2024,616,614,2,11.12,37.83
Abandoned Vehicle Complaint,28,Near West Side,2025,535,530,5,10.72,44.83
Abandoned Vehicle Complaint,28,Near West Side,2026,468,430,38,13.56,42.08
Abandoned Vehicle Complaint,29,North Lawndale,2019,274,274,0,13.99,51.78
Abandoned Vehicle Complaint,29,North Lawndale,2020,514,429,85,13.9,66.31
Abandoned Vehicle Complaint,29,North Lawndale,2021,843,843,0,11.7,31.76
Abandoned Vehicle Complaint,29,North Lawndale,2022,745,740,5,19.79,51.58
Abandoned Vehicle Complaint,29,North Lawndale,2023,746,744,2,9.78,24.73
Abandoned Vehicle Complaint,29,North Lawndale,2024,702,701,1,14.63,40.3
Abandoned Vehicle Complaint,29,North Lawndale,2025,995,988,7,13.9,62.95
Abandoned Vehicle Complaint,29,North Lawndale,2026,686,639,47,13.83,46.21
Abandoned Vehicle Complaint,30,South Lawndale,2019,600,600,0,12.73,47.57
Abandoned Vehicle Complaint,30,South Lawndale,2020,752,651,101,15.0,39.62
Abandoned Vehicle Complaint,30,South Lawndale,2021,1195,1195,0,12.81,35.44
Abandoned Vehicle Complaint,30,South Lawndale,2022,1248,1232,16,24.82,58.59
Abandoned Vehicle Complaint,30,South Lawndale,2023,1047,1046,1,11.72,27.97
Abandoned Vehicle Complaint,30,South Lawndale,2024,1218,1217,1,15.81,40.03
Abandoned Vehicle Complaint,30,South Lawndale,2025,1168,1156,12,13.89,69.65
Abandoned Vehicle Complaint,30,South Lawndale,2026,967,898,69,11.12,41.87
Abandoned Vehicle Complaint,31,Lower West Side,2019,328,328,0,17.87,54.91
Abandoned Vehicle Complaint,31,Lower West Side,2020,333,264,69,19.54,70.24
Abandoned Vehicle Complaint,31,Lower West Side,2021,418,418,0,19.38,49.17
Abandoned Vehicle Complaint,31,Lower West Side,2022,502,498,4,30.55,83.0
Abandoned Vehicle Complaint,31,Lower West Side,2023,505,505,0,11.05,29.59
Abandoned Vehicle Complaint,31,Lower West Side,2024,528,525,3,13.17,40.65
Abandoned Vehicle Complaint,31,Lower West Side,2025,551,547,4,13.6,63.2
Abandoned Vehicle Complaint,31,Lower West Side,2026,408,383,25,14.09,41.5
Abandoned Vehicle Complaint,32,Loop,2019,84,84,0,10.69,48.84
Abandoned Vehicle Complaint,32,Loop,2020,84,83,1,9.64,40.55
Abandoned Vehicle Complaint,32,Loop,2021,147,147,0,1.46,34.46
Abandoned Vehicle Complaint,32,Loop,2022,181,179,2,6.99,59.87
Abandoned Vehicle Complaint,32,Loop,2023,222,219,3,4.18,32.78
Abandoned Vehicle Complaint,32,Loop,2024,114,114,0,8.4,34.1
Abandoned Vehicle Complaint,32,Loop,2025,173,172,1,3.27,19.87
Abandoned Vehicle Complaint,32,Loop,2026,152,142,10,3.93,32.7
Abandoned Vehicle Complaint,33,Near South Side,2019,64,64,0,14.44,62.32
Abandoned Vehicle Complaint,33,Near South Side,2020,62,59,3,13.04,34.03
Abandoned Vehicle Complaint,33,Near South Side,2021,123,123,0,6.17,23.02
Abandoned Vehicle Complaint,33,Near South Side,2022,143,143,0,20.79,65.02
Abandoned Vehicle Complaint,33,Near South Side,2023,168,168,0,4.83,24.93
Abandoned Vehicle Complaint,33,Near South Side,2024,154,153,1,6.92,22.54
Abandoned Vehicle Complaint,33,Near South Side,2025,146,141,5,7.77,22.79
Abandoned Vehicle Complaint,33,Near South Side,2026,80,77,3,7.06,19.32
Abandoned Vehicle Complaint,34,Armour Square,2019,62,62,0,13.41,32.66
Abandoned Vehicle Complaint,34,Armour Square,2020,67,57,10,12.85,24.27
Abandoned Vehicle Complaint,34,Armour Square,2021,96,96,0,7.12,31.4
Abandoned Vehicle Complaint,34,Armour Square,2022,100,100,0,6.87,21.8
Abandoned Vehicle Complaint,34,Armour Square,2023,153,153,0,2.95,16.42
Abandoned Vehicle Complaint,34,Armour Square,2024,168,168,0,6.02,19.95
Abandoned Vehicle Complaint,34,Armour Square,2025,184,184,0,5.87,23.04
Abandoned Vehicle Complaint,34,Armour Square,2026,104,98,6,5.74,19.17
Abandoned Vehicle Complaint,35,Douglas,2019,69,69,0,16.97,62.86
Abandoned Vehicle Complaint,35,Douglas,2020,112,80,32,15.96,45.18
Abandoned Vehicle Complaint,35,Douglas,2021,193,193,0,10.63,32.58
Abandoned Vehicle Complaint,35,Douglas,2022,216,214,2,18.8,62.64
Abandoned Vehicle Complaint,35,Douglas,2023,130,129,1,7.45,33.44
Abandoned Vehicle Complaint,35,Douglas,2024,168,168,0,6.88,28.27
Abandoned Vehicle Complaint,35,Douglas,2025,191,189,2,10.05,76.51
Abandoned Vehicle Complaint,35,Douglas,2026,117,109,8,9.56,30.55
Abandoned Vehicle Complaint,36,Oakland,2019,34,34,0,17.98,58.32
Abandoned Vehicle Complaint,36,Oakland,2020,68,55,13,16.86,114.7
Abandoned Vehicle Complaint,36,Oakland,2021,60,60,0,10.8,44.49
Abandoned Vehicle Complaint,36,Oakland,2022,65,65,0,15.87,61.4
Abandoned Vehicle Complaint,36,Oakland,2023,102,102,0,7.88,27.19
Abandoned Vehicle Complaint,36,Oakland,2024,94,93,1,10.79,76.98
Abandoned Vehicle Complaint,36,Oakland,2025,87,87,0,11.22,89.41
Abandoned Vehicle Complaint,36,Oakland,2026,73,72,1,12.69,55.59
Abandoned Vehicle Complaint,37,Fuller Park,2019,18,18,0,18.44,36.32
Abandoned Vehicle Complaint,37,Fuller Park,2020,79,59,20,21.99,44.41
Abandoned Vehicle Complaint,37,Fuller Park,2021,77,77,0,14.82,31.59
Abandoned Vehicle Complaint,37,Fuller Park,2022,36,35,1,10.72,30.84
Abandoned Vehicle Complaint,37,Fuller Park,2023,67,66,1,9.87,53.6
Abandoned Vehicle Complaint,37,Fuller Park,2024,89,87,2,12.02,38.99
Abandoned Vehicle Complaint,37,Fuller Park,2025,95,95,0,9.02,76.57
Abandoned Vehicle Complaint,37,Fuller Park,2026,72,64,8,8.23,30.1
Abandoned Vehicle Complaint,38,Grand Boulevard,2019,227,227,0,13.75,41.75
Abandoned Vehicle Complaint,38,Grand Boulevard,2020,368,277,91,21.09,99.27
Abandoned Vehicle Complaint,38,Grand Boulevard,2021,506,506,0,13.72,49.73
Abandoned Vehicle Complaint,38,Grand Boulevard,2022,480,474,6,24.82,73.94
Abandoned Vehicle Complaint,38,Grand Boulevard,2023,539,538,1,8.97,36.78
Abandoned Vehicle Complaint,38,Grand Boulevard,2024,414,413,1,7.7,29.76
Abandoned Vehicle Complaint,38,Grand Boulevard,2025,462,461,1,8.88,88.24
Abandoned Vehicle Complaint,38,Grand Boulevard,2026,322,302,20,7.08,35.82
Abandoned Vehicle Complaint,39,Kenwood,2019,88,88,0,18.09,54.04
Abandoned Vehicle Complaint,39,Kenwood,2020,125,101,24,22.18,78.3
Abandoned Vehicle Complaint,39,Kenwood,2021,188,188,0,14.65,46.76
Abandoned Vehicle Complaint,39,Kenwood,2022,199,197,2,24.08,69.29
Abandoned Vehicle Complaint,39,Kenwood,2023,194,193,1,11.84,40.77
Abandoned Vehicle Complaint,39,Kenwood,2024,194,189,5,11.02,28.85
Abandoned Vehicle Complaint,39,Kenwood,2025,248,247,1,8.78,39.07
Abandoned Vehicle Complaint,39,Kenwood,2026,144,141,3,11.44,37.94
Abandoned Vehicle Complaint,40,Washington Park,2019,54,54,0,13.74,31.55
Abandoned Vehicle Complaint,40,Washington Park,2020,144,132,12,23.27,230.87
Abandoned Vehicle Complaint,40,Washington Park,2021,174,174,0,9.17,22.34
Abandoned Vehicle Complaint,40,Washington Park,2022,127,127,0,33.57,86.26
Abandoned Vehicle Complaint,40,Washington Park,2023,131,131,0,12.21,34.93
Abandoned Vehicle Complaint,40,Washington Park,2024,144,144,0,11.53,35.69
Abandoned Vehicle Complaint,40,Washington Park,2025,186,185,1,15.05,93.98
Abandoned Vehicle Complaint,40,Washington Park,2026,266,248,18,8.14,62.46
Abandoned Vehicle Complaint,41,Hyde Park,2019,96,96,0,14.67,35.37
Abandoned Vehicle Complaint,41,Hyde Park,2020,147,117,30,21.67,80.29
Abandoned Vehicle Complaint,41,Hyde Park,2021,170,170,0,18.63,50.0
Abandoned Vehicle Complaint,41,Hyde Park,2022,142,136,6,29.58,64.75
Abandoned Vehicle Complaint,41,Hyde Park,2023,140,139,1,11.93,34.31
Abandoned Vehicle Complaint,41,Hyde Park,2024,165,165,0,15.79,43.49
Abandoned Vehicle Complaint,41,Hyde Park,2025,184,182,2,10.99,60.21
Abandoned Vehicle Complaint,41,Hyde Park,2026,184,164,20,9.55,30.88
Abandoned Vehicle Complaint,42,Woodlawn,2019,180,180,0,9.25,37.69
Abandoned Vehicle Complaint,42,Woodlawn,2020,315,276,39,15.83,44.98
Abandoned Vehicle Complaint,42,Woodlawn,2021,492,492,0,10.86,28.88
Abandoned Vehicle Complaint,42,Woodlawn,2022,376,376,0,32.74,84.3
Abandoned Vehicle Complaint,42,Woodlawn,2023,320,320,0,10.56,30.56
Abandoned Vehicle Complaint,42,Woodlawn,2024,365,364,1,11.98,48.14
Abandoned Vehicle Complaint,42,Woodlawn,2025,467,465,2,9.13,90.23
Abandoned Vehicle Complaint,42,Woodlawn,2026,466,429,37,16.11,52.95
Abandoned Vehicle Complaint,43,South Shore,2019,325,325,0,14.56,48.95
Abandoned Vehicle Complaint,43,South Shore,2020,785,583,202,20.57,75.49
Abandoned Vehicle Complaint,43,South Shore,2021,1093,1093,0,15.45,41.77
Abandoned Vehicle Complaint,43,South Shore,2022,996,992,4,26.67,73.77
Abandoned Vehicle Complaint,43,South Shore,2023,806,799,7,9.13,22.81
Abandoned Vehicle Complaint,43,South Shore,2024,977,972,5,11.6,46.46
Abandoned Vehicle Complaint,43,South Shore,2025,1001,999,2,9.13,61.58
Abandoned Vehicle Complaint,43,South Shore,2026,748,720,28,7.78,48.83
Abandoned Vehicle Complaint,44,Chatham,2019,301,301,0,14.66,48.17
Abandoned Vehicle Complaint,44,Chatham,2020,623,484,139,23.63,68.38
Abandoned Vehicle Complaint,44,Chatham,2021,875,875,0,18.43,43.35
Abandoned Vehicle Complaint,44,Chatham,2022,737,730,7,55.04,76.16
Abandoned Vehicle Complaint,44,Chatham,2023,634,633,1,9.55,25.74
Abandoned Vehicle Complaint,44,Chatham,2024,538,538,0,12.07,40.03
Abandoned Vehicle Complaint,44,Chatham,2025,763,758,5,9.73,52.69
Abandoned Vehicle Complaint,44,Chatham,2026,503,446,57,10.87,40.72
Abandoned Vehicle Complaint,45,Avalon Park,2019,93,93,0,10.8,27.84
Abandoned Vehicle Complaint,45,Avalon Park,2020,209,169,40,27.06,62.87
Abandoned Vehicle Complaint,45,Avalon Park,2021,288,288,0,21.03,41.21
Abandoned Vehicle Complaint,45,Avalon Park,2022,266,266,0,40.93,76.3
Abandoned Vehicle Complaint,45,Avalon Park,2023,175,173,2,6.81,23.44
Abandoned Vehicle Complaint,45,Avalon Park,2024,204,199,5,13.66,37.72
Abandoned Vehicle Complaint,45,Avalon Park,2025,236,234,2,8.67,29.55
Abandoned Vehicle Complaint,45,Avalon Park,2026,139,135,4,7.84,35.1
Abandoned Vehicle Complaint,46,South Chicago,2019,179,179,0,12.79,41.28
Abandoned Vehicle Complaint,46,South Chicago,2020,435,362,73,22.24,64.87
Abandoned Vehicle Complaint,46,South Chicago,2021,731,731,0,16.82,38.85
Abandoned Vehicle Complaint,46,South Chicago,2022,601,600,1,35.96,76.6
Abandoned Vehicle Complaint,46,South Chicago,2023,564,564,0,7.04,20.23
Abandoned Vehicle Complaint,46,South Chicago,2024,702,701,1,9.04,34.01
Abandoned Vehicle Complaint,46,South Chicago,2025,790,788,2,7.48,55.31
Abandoned Vehicle Complaint,46,South Chicago,2026,613,566,47,12.18,50.39
Abandoned Vehicle Complaint,47,Burnside,2019,32,32,0,16.98,78.32
Abandoned Vehicle Complaint,47,Burnside,2020,51,39,12,28.97,53.58
Abandoned Vehicle Complaint,47,Burnside,2021,61,61,0,18.97,42.54
Abandoned Vehicle Complaint,47,Burnside,2022,53,53,0,40.65,68.66
Abandoned Vehicle Complaint,47,Burnside,2023,30,30,0,10.53,28.1
Abandoned Vehicle Complaint,47,Burnside,2024,31,31,0,10.61,29.86
Abandoned Vehicle Complaint,47,Burnside,2025,62,61,1,13.68,84.41
Abandoned Vehicle Complaint,47,Burnside,2026,58,54,4,7.85,22.57
Abandoned Vehicle Complaint,48,Calumet Heights,2019,134,134,0,12.7,36.86
Abandoned Vehicle Complaint,48,Calumet Heights,2020,254,176,78,22.48,73.49
Abandoned Vehicle Complaint,48,Calumet Heights,2021,300,300,0,18.72,38.13
Abandoned Vehicle Complaint,48,Calumet Heights,2022,352,349,3,36.64,69.59
Abandoned Vehicle Complaint,48,Calumet Heights,2023,249,245,4,7.0,19.33
Abandoned Vehicle Complaint,48,Calumet Heights,2024,270,267,3,10.92,40.85
Abandoned Vehicle Complaint,48,Calumet Heights,2025,264,263,1,8.84,61.05
Abandoned Vehicle Complaint,48,Calumet Heights,2026,224,210,14,11.8,49.23
Abandoned Vehicle Complaint,49,Roseland,2019,348,348,0,12.94,32.39
Abandoned Vehicle Complaint,49,Roseland,2020,654,535,119,19.77,61.0
Abandoned Vehicle Complaint,49,Roseland,2021,956,956,0,16.12,42.02
Abandoned Vehicle Complaint,49,Roseland,2022,754,751,3,60.04,79.91
Abandoned Vehicle Complaint,49,Roseland,2023,634,633,1,9.31,23.9
Abandoned Vehicle Complaint,49,Roseland,2024,734,733,1,10.99,36.57
Abandoned Vehicle Complaint,49,Roseland,2025,781,778,3,9.86,52.0
Abandoned Vehicle Complaint,49,Roseland,2026,675,615,60,11.76,36.43
Abandoned Vehicle Complaint,50,Pullman,2019,48,48,0,10.76,20.98
Abandoned Vehicle Complaint,50,Pullman,2020,132,111,21,18.79,45.79
Abandoned Vehicle Complaint,50,Pullman,2021,165,165,0,17.61,42.12
Abandoned Vehicle Complaint,50,Pullman,2022,171,170,1,41.64,66.06
Abandoned Vehicle Complaint,50,Pullman,2023,160,159,1,8.82,26.82
Abandoned Vehicle Complaint,50,Pullman,2024,167,167,0,13.22,38.59
Abandoned Vehicle Complaint,50,Pullman,2025,199,198,1,10.34,56.06
Abandoned Vehicle Complaint,50,Pullman,2026,142,136,6,13.12,42.87
Abandoned Vehicle Complaint,51,South Deering,2019,127,127,0,12.57,35.93
Abandoned Vehicle Complaint,51,South Deering,2020,181,117,64,19.8,50.9
Abandoned Vehicle Complaint,51,South Deering,2021,268,268,0,18.76,47.02
Abandoned Vehicle Complaint,51,South Deering,2022,326,326,0,44.62,81.87
Abandoned Vehicle Complaint,51,South Deering,2023,267,267,0,8.81,22.52
Abandoned Vehicle Complaint,51,South Deering,2024,294,294,0,7.86,36.91
Abandoned Vehicle Complaint,51,South Deering,2025,426,422,4,8.86,57.02
Abandoned Vehicle Complaint,51,South Deering,2026,305,280,25,14.05,53.81
Abandoned Vehicle Complaint,52,East Side,2019,235,235,0,16.27,53.23
Abandoned Vehicle Complaint,52,East Side,2020,389,284,105,21.05,64.96
Abandoned Vehicle Complaint,52,East Side,2021,614,614,0,21.04,49.13
Abandoned Vehicle Complaint,52,East Side,2022,776,771,5,39.6,69.68
Abandoned Vehicle Complaint,52,East Side,2023,537,532,5,7.66,21.76
Abandoned Vehicle Complaint,52,East Side,2024,590,588,2,8.7,27.94
Abandoned Vehicle Complaint,52,East Side,2025,626,623,3,8.14,48.94
Abandoned Vehicle Complaint,52,East Side,2026,408,376,32,14.71,39.58
Abandoned Vehicle Complaint,53,West Pullman,2019,243,243,0,12.79,34.32
Abandoned Vehicle Complaint,53,West Pullman,2020,379,296,83,19.56,82.44
Abandoned Vehicle Complaint,53,West Pullman,2021,589,589,0,16.2,40.8
Abandoned Vehicle Complaint,53,West Pullman,2022,530,527,3,53.41,76.55
Abandoned Vehicle Complaint,53,West Pullman,2023,453,452,1,7.9,23.38
Abandoned Vehicle Complaint,53,West Pullman,2024,528,527,1,9.82,32.17
Abandoned Vehicle Complaint,53,West Pullman,2025,561,560,1,13.74,57.73
Abandoned Vehicle Complaint,53,West Pullman,2026,409,383,26,12.26,38.77
Abandoned Vehicle Complaint,54,Riverdale,2019,17,17,0,15.05,25.19
Abandoned Vehicle Complaint,54,Riverdale,2020,14,12,2,25.21,52.19
Abandoned Vehicle Complaint,54,Riverdale,2021,88,88,0,22.68,43.53
Abandoned Vehicle Complaint,54,Riverdale,2022,47,47,0,62.6,86.91
Abandoned Vehicle Complaint,54,Riverdale,2023,57,57,0,9.73,23.98
Abandoned Vehicle Complaint,54,Riverdale,2024,45,45,0,12.84,22.51
Abandoned Vehicle Complaint,54,Riverdale,2025,39,39,0,14.31,66.13
Abandoned Vehicle Complaint,54,Riverdale,2026,30,27,3,17.66,57.83
Abandoned Vehicle Complaint,55,Hegewisch,2019,60,60,0,13.19,31.89
Abandoned Vehicle Complaint,55,Hegewisch,2020,92,73,19,17.86,53.72
Abandoned Vehicle Complaint,55,Hegewisch,2021,145,145,0,13.73,42.36
Abandoned Vehicle Complaint,55,Hegewisch,2022,144,141,3,46.98,70.77
Abandoned Vehicle Complaint,55,Hegewisch,2023,148,145,3,6.88,18.68
Abandoned Vehicle Complaint,55,Hegewisch,2024,157,157,0,6.81,22.07
Abandoned Vehicle Complaint,55,Hegewisch,2025,185,183,2,8.24,61.48
Abandoned Vehicle Complaint,55,Hegewisch,2026,158,130,28,14.79,46.8
Abandoned Vehicle Complaint,56,Garfield Ridge,2019,427,427,0,14.1,57.3
Abandoned Vehicle Complaint,56,Garfield Ridge,2020,575,458,117,15.9,39.11
Abandoned Vehicle Complaint,56,Garfield Ridge,2021,672,672,0,9.99,27.74
Abandoned Vehicle Complaint,56,Garfield Ridge,2022,690,689,1,25.52,57.11
Abandoned Vehicle Complaint,56,Garfield Ridge,2023,788,785,3,7.96,22.65
Abandoned Vehicle Complaint,56,Garfield Ridge,2024,1002,1001,1,9.92,34.21
Abandoned Vehicle Complaint,56,Garfield Ridge,2025,777,772,5,7.38,47.68
Abandoned Vehicle Complaint,56,Garfield Ridge,2026,713,676,37,6.62,25.37
Abandoned Vehicle Complaint,57,Archer Heights,2019,214,214,0,12.2,34.65
Abandoned Vehicle Complaint,57,Archer Heights,2020,315,276,39,14.95,41.57
Abandoned Vehicle Complaint,57,Archer Heights,2021,446,446,0,10.8,26.43
Abandoned Vehicle Complaint,57,Archer Heights,2022,483,480,3,25.74,59.95
Abandoned Vehicle Complaint,57,Archer Heights,2023,498,498,0,7.95,22.61
Abandoned Vehicle Complaint,57,Archer Heights,2024,535,530,5,9.94,34.12
Abandoned Vehicle Complaint,57,Archer Heights,2025,449,445,4,5.96,56.18
Abandoned Vehicle Complaint,57,Archer Heights,2026,263,252,11,5.78,44.02
Abandoned Vehicle Complaint,58,Brighton Park,2019,407,407,0,13.73,31.14
Abandoned Vehicle Complaint,58,Brighton Park,2020,562,467,95,16.74,49.29
Abandoned Vehicle Complaint,58,Brighton Park,2021,901,901,0,12.59,33.44
Abandoned Vehicle Complaint,58,Brighton Park,2022,915,908,7,23.65,61.78
Abandoned Vehicle Complaint,58,Brighton Park,2023,791,783,8,6.68,18.84
Abandoned Vehicle Complaint,58,Brighton Park,2024,965,959,6,9.01,26.7
Abandoned Vehicle Complaint,58,Brighton Park,2025,946,935,11,7.97,44.78
Abandoned Vehicle Complaint,58,Brighton Park,2026,763,722,41,8.44,25.72
Abandoned Vehicle Complaint,59,McKinley Park,2019,205,205,0,14.72,57.77
Abandoned Vehicle Complaint,59,McKinley Park,2020,209,186,23,14.53,36.29
Abandoned Vehicle Complaint,59,McKinley Park,2021,255,255,0,13.61,42.96
Abandoned Vehicle Complaint,59,McKinley Park,2022,298,296,2,22.83,59.03
Abandoned Vehicle Complaint,59,McKinley Park,2023,326,325,1,5.14,17.42
Abandoned Vehicle Complaint,59,McKinley Park,2024,338,335,3,7.78,26.33
Abandoned Vehicle Complaint,59,McKinley Park,2025,359,358,1,7.73,30.84
Abandoned Vehicle Complaint,59,McKinley Park,2026,209,202,7,7.6,22.06
Abandoned Vehicle Complaint,60,Bridgeport,2019,363,363,0,15.15,48.83
Abandoned Vehicle Complaint,60,Bridgeport,2020,323,254,69,17.97,61.49
Abandoned Vehicle Complaint,60,Bridgeport,2021,517,517,0,9.6,35.54
Abandoned Vehicle Complaint,60,Bridgeport,2022,487,486,1,9.98,43.73
Abandoned Vehicle Complaint,60,Bridgeport,2023,634,634,0,3.93,17.45
Abandoned Vehicle Complaint,60,Bridgeport,2024,649,645,4,6.95,24.64
Abandoned Vehicle Complaint,60,Bridgeport,2025,755,753,2,6.59,34.07
Abandoned Vehicle Complaint,60,Bridgeport,2026,585,554,31,8.09,21.74
Abandoned Vehicle Complaint,61,New City,2019,401,401,0,12.97,38.53
Abandoned Vehicle Complaint,61,New City,2020,643,535,108,18.61,55.83
Abandoned Vehicle Complaint,61,New City,2021,941,941,0,10.89,33.73
Abandoned Vehicle Complaint,61,New City,2022,1044,1037,7,27.87,73.38
Abandoned Vehicle Complaint,61,New City,2023,844,841,3,8.67,22.5
Abandoned Vehicle Complaint,61,New City,2024,1141,1132,9,8.9,29.97
Abandoned Vehicle Complaint,61,New City,2025,1301,1297,4,8.24,78.26
Abandoned Vehicle Complaint,61,New City,2026,986,954,32,6.87,52.8
Abandoned Vehicle Complaint,62,West Elsdon,2019,253,253,0,14.57,38.6
Abandoned Vehicle Complaint,62,West Elsdon,2020,365,306,59,17.26,40.98
Abandoned Vehicle Complaint,62,West Elsdon,2021,416,416,0,10.06,27.17
Abandoned Vehicle Complaint,62,West Elsdon,2022,532,529,3,22.15,54.94
Abandoned Vehicle Complaint,62,West Elsdon,2023,577,577,0,8.04,22.59
Abandoned Vehicle Complaint,62,West Elsdon,2024,652,652,0,10.75,28.27
Abandoned Vehicle Complaint,62,West Elsdon,2025,590,586,4,7.75,43.53
Abandoned Vehicle Complaint,62,West Elsdon,2026,400,386,14,6.82,43.81
Abandoned Vehicle Complaint,63,Gage Park,2019,482,482,0,15.71,50.1
Abandoned Vehicle Complaint,63,Gage Park,2020,606,535,71,16.74,47.86
Abandoned Vehicle Complaint,63,Gage Park,2021,738,738,0,11.97,35.9
Abandoned Vehicle Complaint,63,Gage Park,2022,1083,1078,5,30.05,66.8
Abandoned Vehicle Complaint,63,Gage Park,2023,1028,1026,2,7.85,22.63
Abandoned Vehicle Complaint,63,Gage Park,2024,1137,1136,1,8.77,32.74
Abandoned Vehicle Complaint,63,Gage Park,2025,1125,1118,7,7.65,57.12
Abandoned Vehicle Complaint,63,Gage Park,2026,702,665,37,5.65,50.57
Abandoned Vehicle Complaint,64,Clearing,2019,363,363,0,13.84,49.2
Abandoned Vehicle Complaint,64,Clearing,2020,575,461,114,16.76,44.81
Abandoned Vehicle Complaint,64,Clearing,2021,605,605,0,9.82,25.47
Abandoned Vehicle Complaint,64,Clearing,2022,580,577,3,26.85,60.36
Abandoned Vehicle Complaint,64,Clearing,2023,687,686,1,8.76,23.58
Abandoned Vehicle Complaint,64,Clearing,2024,706,693,13,10.57,36.65
Abandoned Vehicle Complaint,64,Clearing,2025,595,587,8,6.43,44.73
Abandoned Vehicle Complaint,64,Clearing,2026,500,481,19,6.1,37.0
Abandoned Vehicle Complaint,65,West Lawn,2019,577,577,0,14.05,50.25
Abandoned Vehicle Complaint,65,West Lawn,2020,665,558,107,15.03,39.95
Abandoned Vehicle Complaint,65,West Lawn,2021,736,736,0,9.8,31.39
Abandoned Vehicle Complaint,65,West Lawn,2022,819,814,5,27.82,57.71
Abandoned Vehicle Complaint,65,West Lawn,2023,795,795,0,9.8,22.66
Abandoned Vehicle Complaint,65,West Lawn,2024,945,943,2,10.48,36.54
Abandoned Vehicle Complaint,65,West Lawn,2025,971,965,6,8.82,56.81
Abandoned Vehicle Complaint,65,West Lawn,2026,724,700,24,8.79,48.46
Abandoned Vehicle Complaint,66,Chicago Lawn,2019,611,611,0,16.64,55.32
Abandoned Vehicle Complaint,66,Chicago Lawn,2020,826,671,155,19.63,61.58
Abandoned Vehicle Complaint,66,Chicago Lawn,2021,1144,1144,0,16.75,41.69
Abandoned Vehicle Complaint,66,Chicago Lawn,2022,1135,1132,3,42.03,76.74
Abandoned Vehicle Complaint,66,Chicago Lawn,2023,1203,1199,4,9.66,23.52
Abandoned Vehicle Complaint,66,Chicago Lawn,2024,1327,1313,14,11.75,34.85
Abandoned Vehicle Complaint,66,Chicago Lawn,2025,1488,1479,9,11.67,54.04
Abandoned Vehicle Complaint,66,Chicago Lawn,2026,1232,1162,70,9.15,40.78
Abandoned Vehicle Complaint,67,West Englewood,2019,221,221,0,13.93,43.17
Abandoned Vehicle Complaint,67,West Englewood,2020,515,435,80,17.6,61.48
Abandoned Vehicle Complaint,67,West Englewood,2021,890,890,0,12.97,41.46
Abandoned Vehicle Complaint,67,West Englewood,2022,681,670,11,42.99,76.72
Abandoned Vehicle Complaint,67,West Englewood,2023,582,582,0,9.84,22.39
Abandoned Vehicle Complaint,67,West Englewood,2024,783,782,1,11.82,40.51
Abandoned Vehicle Complaint,67,West Englewood,2025,945,937,8,9.0,76.08
Abandoned Vehicle Complaint,67,West Englewood,2026,714,674,40,7.07,45.19
Abandoned Vehicle Complaint,68,Englewood,2019,154,154,0,14.65,54.62
Abandoned Vehicle Complaint,68,Englewood,2020,346,284,62,20.57,112.08
Abandoned Vehicle Complaint,68,Englewood,2021,496,495,1,14.8,34.8
Abandoned Vehicle Complaint,68,Englewood,2022,433,432,1,26.11,75.8
Abandoned Vehicle Complaint,68,Englewood,2023,472,468,4,8.84,21.16
Abandoned Vehicle Complaint,68,Englewood,2024,568,558,10,10.61,33.09
Abandoned Vehicle Complaint,68,Englewood,2025,613,612,1,8.56,50.31
Abandoned Vehicle Complaint,68,Englewood,2026,332,312,20,8.17,31.56
Abandoned Vehicle Complaint,69,Greater Grand Crossing,2019,326,326,0,14.87,41.79
Abandoned Vehicle Complaint,69,Greater Grand Crossing,2020,721,522,199,25.94,58.88
Abandoned Vehicle Complaint,69,Greater Grand Crossing,2021,1034,1034,0,18.81,35.64
Abandoned Vehicle Complaint,69,Greater Grand Crossing,2022,728,720,8,40.39,75.0
Abandoned Vehicle Complaint,69,Greater Grand Crossing,2023,726,725,1,8.09,23.66
Abandoned Vehicle Complaint,69,Greater Grand Crossing,2024,832,831,1,9.75,34.88
Abandoned Vehicle Complaint,69,Greater Grand Crossing,2025,922,915,7,6.85,71.45
Abandoned Vehicle Complaint,69,Greater Grand Crossing,2026,585,547,38,13.87,40.31
Abandoned Vehicle Complaint,70,Ashburn,2019,456,456,0,17.39,50.55
Abandoned Vehicle Complaint,70,Ashburn,2020,536,423,113,19.95,56.99
Abandoned Vehicle Complaint,70,Ashburn,2021,759,759,0,17.58,40.84
Abandoned Vehicle Complaint,70,Ashburn,2022,748,741,7,59.78,78.22
Abandoned Vehicle Complaint,70,Ashburn,2023,696,692,4,10.59,23.65
Abandoned Vehicle Complaint,70,Ashburn,2024,750,748,2,13.64,34.49
Abandoned Vehicle Complaint,70,Ashburn,2025,730,719,11,12.66,42.43
Abandoned Vehicle Complaint,70,Ashburn,2026,613,578,35,13.05,35.95
Abandoned Vehicle Complaint,71,Auburn Gresham,2019,365,365,0,15.23,43.51
Abandoned Vehicle Complaint,71,Auburn Gresham,2020,710,532,178,22.08,89.56
Abandoned Vehicle Complaint,71,Auburn Gresham,2021,1165,1164,1,15.94,38.9
Abandoned Vehicle Complaint,71,Auburn Gresham,2022,922,917,5,60.66,77.84
Abandoned Vehicle Complaint,71,Auburn Gresham,2023,779,779,0,9.78,22.39
Abandoned Vehicle Complaint,71,Auburn Gresham,2024,806,804,2,14.6,36.62
Abandoned Vehicle Complaint,71,Auburn Gresham,2025,956,949,7,12.09,63.84
Abandoned Vehicle Complaint,71,Auburn Gresham,2026,692,625,67,13.58,47.48
Abandoned Vehicle Complaint,72,Beverly,2019,95,95,0,14.68,63.08
Abandoned Vehicle Complaint,72,Beverly,2020,121,92,29,24.79,86.73
Abandoned Vehicle Complaint,72,Beverly,2021,176,176,0,17.92,46.47
Abandoned Vehicle Complaint,72,Beverly,2022,162,160,2,60.91,86.06
Abandoned Vehicle Complaint,72,Beverly,2023,107,107,0,10.83,27.89
Abandoned Vehicle Complaint,72,Beverly,2024,140,140,0,16.12,37.3
Abandoned Vehicle Complaint,72,Beverly,2025,217,215,2,12.91,50.02
Abandoned Vehicle Complaint,72,Beverly,2026,134,123,11,14.45,37.87
Abandoned Vehicle Complaint,73,Washington Heights,2019,263,263,0,14.85,37.35
Abandoned Vehicle Complaint,73,Washington Heights,2020,507,400,107,20.41,67.6
Abandoned Vehicle Complaint,73,Washington Heights,2021,586,585,1,16.44,39.05
Abandoned Vehicle Complaint,73,Washington Heights,2022,606,601,5,59.87,81.47
Abandoned Vehicle Complaint,73,Washington Heights,2023,489,489,0,8.84,22.74
Abandoned Vehicle Complaint,73,Washington Heights,2024,542,540,2,12.97,34.03
Abandoned Vehicle Complaint,73,Washington Heights,2025,546,544,2,12.04,56.93
Abandoned Vehicle Complaint,73,Washington Heights,2026,411,388,23,13.93,38.31
Abandoned Vehicle Complaint,74,Mount Greenwood,2019,64,64,0,17.29,57.63
Abandoned Vehicle Complaint,74,Mount Greenwood,2020,104,74,30,26.45,99.37
Abandoned Vehicle Complaint,74,Mount Greenwood,2021,91,91,0,25.11,46.64
Abandoned Vehicle Complaint,74,Mount Greenwood,2022,106,106,0,63.75,89.23
Abandoned Vehicle Complaint,74,Mount Greenwood,2023,132,132,0,8.92,26.4
Abandoned Vehicle Complaint,74,Mount Greenwood,2024,128,123,5,11.88,25.44
Abandoned Vehicle Complaint,74,Mount Greenwood,2025,118,118,0,12.9,41.14
Abandoned Vehicle Complaint,74,Mount Greenwood,2026,110,102,8,11.28,27.67
Abandoned Vehicle Complaint,75,Morgan Park,2019,117,117,0,14.12,39.02
Abandoned Vehicle Complaint,75,Morgan Park,2020,253,214,39,27.48,91.87
Abandoned Vehicle Complaint,75,Morgan Park,2021,348,348,0,18.62,43.96
Abandoned Vehicle Complaint,75,Morgan Park,2022,288,287,1,59.83,84.09
Abandoned Vehicle Complaint,75,Morgan Park,2023,293,292,1,9.91,23.97
Abandoned Vehicle Complaint,75,Morgan Park,2024,226,226,0,15.02,36.3
Abandoned Vehicle Complaint,75,Morgan Park,2025,249,248,1,11.76,57.62
Abandoned Vehicle Complaint,75,Morgan Park,2026,182,172,10,14.82,44.06
Abandoned Vehicle Complaint,76,O'Hare,2019,48,48,0,12.42,33.56
Abandoned Vehicle Complaint,76,O'Hare,2020,50,35,15,11.09,34.28
Abandoned Vehicle Complaint,76,O'Hare,2021,93,93,0,4.1,21.78
Abandoned Vehicle Complaint,76,O'Hare,2022,121,121,0,10.48,37.51
Abandoned Vehicle Complaint,76,O'Hare,2023,128,127,1,9.37,23.09
Abandoned Vehicle Complaint,76,O'Hare,2024,372,372,0,7.53,22.18
Abandoned Vehicle Complaint,76,O'Hare,2025,386,384,2,5.54,26.31
Abandoned Vehicle Complaint,76,O'Hare,2026,277,270,7,10.38,25.77
Abandoned Vehicle Complaint,77,Edgewater,2019,390,390,0,15.35,48.67
Abandoned Vehicle Complaint,77,Edgewater,2020,436,382,54,12.89,39.97
Abandoned Vehicle Complaint,77,Edgewater,2021,433,432,1,12.61,29.02
Abandoned Vehicle Complaint,77,Edgewater,2022,566,562,4,15.55,59.63
Abandoned Vehicle Complaint,77,Edgewater,2023,645,645,0,10.67,32.26
Abandoned Vehicle Complaint,77,Edgewater,2024,658,657,1,16.1,47.84
Abandoned Vehicle Complaint,77,Edgewater,2025,621,620,1,16.6,67.93
Abandoned Vehicle Complaint,77,Edgewater,2026,479,455,24,16.95,56.41
Graffiti Removal Request,1,Rogers Park,2019,425,425,0,1.17,2.88
Graffiti Removal Request,1,Rogers Park,2020,665,665,0,0.85,2.09
Graffiti Removal Request,1,Rogers Park,2021,609,609,0,0.93,2.96
Graffiti Removal Request,1,Rogers Park,2022,918,918,0,0.93,3.74
Graffiti Removal Request,1,Rogers Park,2023,1023,1022,1,0.93,3.91
Graffiti Removal Request,1,Rogers Park,2024,1117,1111,6,0.98,3.97
Graffiti Removal Request,1,Rogers Park,2025,919,896,23,0.88,2.93
Graffiti Removal Request,1,Rogers Park,2026,471,439,32,0.94,2.99
Graffiti Removal Request,2,West Ridge,2019,544,544,0,1.13,3.03
Graffiti Removal Request,2,West Ridge,2020,487,487,0,0.88,2.82
Graffiti Removal Request,2,West Ridge,2021,503,503,0,0.97,3.11
Graffiti Removal Request,2,West Ridge,2022,699,699,0,1.16,4.12
Graffiti Removal Request,2,West Ridge,2023,565,565,0,1.07,4.01
Graffiti Removal Request,2,West Ridge,2024,409,405,4,1.2,4.92
Graffiti Removal Request,2,West Ridge,2025,435,415,20,1.14,4.04
Graffiti Removal Request,2,West Ridge,2026,287,273,14,1.23,4.03
Graffiti Removal Request,3,Uptown,2019,408,408,0,1.23,3.16
Graffiti Removal Request,3,Uptown,2020,810,810,0,1.01,2.92
Graffiti Removal Request,3,Uptown,2021,919,919,0,1.05,3.8
Graffiti Removal Request,3,Uptown,2022,1040,1040,0,1.17,4.01
Graffiti Removal Request,3,Uptown,2023,1292,1292,0,1.13,3.87
Graffiti Removal Request,3,Uptown,2024,1444,1419,25,1.22,4.11
Graffiti Removal Request,3,Uptown,2025,1139,978,161,1.07,3.79
Graffiti Removal Request,3,Uptown,2026,803,721,82,1.24,3.81
Graffiti Removal Request,4,Lincoln Square,2019,704,704,0,1.09,3.21
Graffiti Removal Request,4,Lincoln Square,2020,750,747,3,0.95,3.0
Graffiti Removal Request,4,Lincoln Square,2021,758,758,0,1.15,3.86
Graffiti Removal Request,4,Lincoln Square,2022,766,764,2,1.23,4.0
Graffiti Removal Request,4,Lincoln Square,2023,591,589,2,1.16,3.98
Graffiti Removal Request,4,Lincoln Square,2024,688,685,3,1.2,4.01
Graffiti Removal Request,4,Lincoln Square,2025,767,732,35,1.49,3.86
Graffiti Removal Request,4,Lincoln Square,2026,402,382,20,1.2,3.79
Graffiti Removal Request,5,North Center,2019,1633,1633,0,1.15,3.03
Graffiti Removal Request,5,North Center,2020,1012,1012,0,0.86,2.86
Graffiti Removal Request,5,North Center,2021,1121,1121,0,0.91,2.97
Graffiti Removal Request,5,North Center,2022,984,984,0,1.09,3.25
Graffiti Removal Request,5,North Center,2023,667,667,0,1.57,3.89
Graffiti Removal Request,5,North Center,2024,961,956,5,1.08,3.18
Graffiti Removal Request,5,North Center,2025,815,805,10,1.07,3.28
Graffiti Removal Request,5,North Center,2026,555,530,25,1.04,3.33
Graffiti Removal Request,6,Lake View,2019,1213,1213,0,1.18,3.13
Graffiti Removal Request,6,Lake View,2020,1308,1308,0,1.0,2.98
Graffiti Removal Request,6,Lake View,2021,1622,1622,0,1.04,3.7
Graffiti Removal Request,6,Lake View,2022,2126,2126,0,1.05,3.73
Graffiti Removal Request,6,Lake View,2023,1720,1717,3,1.13,3.85
Graffiti Removal Request,6,Lake View,2024,2008,1992,16,1.3,3.88
Graffiti Removal Request,6,Lake View,2025,2908,2814,94,1.04,3.54
Graffiti Removal Request,6,Lake View,2026,2374,2311,63,1.11,3.61
Graffiti Removal Request,7,Lincoln Park,2019,1002,1002,0,1.16,3.23
Graffiti Removal Request,7,Lincoln Park,2020,849,849,0,0.94,2.9
Graffiti Removal Request,7,Lincoln Park,2021,1294,1294,0,1.02,3.23
Graffiti Removal Request,7,Lincoln Park,2022,1475,1475,0,1.04,3.95
Graffiti Removal Request,7,Lincoln Park,2023,1660,1659,1,1.04,3.85
Graffiti Removal Request,7,Lincoln Park,2024,1795,1777,18,1.13,4.22
Graffiti Removal Request,7,Lincoln Park,2025,2942,2811,131,1.07,3.73
Graffiti Removal Request,7,Lincoln Park,2026,2374,2286,88,1.11,3.55
Graffiti Removal Request,8,Near North Side,2019,870,870,0,1.19,3.25
Graffiti Removal Request,8,Near North Side,2020,1090,1090,0,0.88,2.7
Graffiti Removal Request,8,Near North Side,2021,1744,1744,0,0.95,2.97
Graffiti Removal Request,8,Near North Side,2022,1976,1976,0,0.96,3.06
Graffiti Removal Request,8,Near North Side,2023,1809,1807,2,0.93,2.94
Graffiti Removal Request,8,Near North Side,2024,2292,2280,12,1.0,3.48
Graffiti Removal Request,8,Near North Side,2025,2097,2053,44,0.96,3.22
Graffiti Removal Request,8,Near North Side,2026,1991,1935,56,0.92,2.92
Graffiti Removal Request,9,Edison Park,2019,4,4,0,1.7,2.31
Graffiti Removal Request,9,Edison Park,2020,8,8,0,0.63,2.2
Graffiti Removal Request,9,Edison Park,2021,10,10,0,0.72,1.31
Graffiti Removal Request,9,Edison Park,2022,24,24,0,0.81,2.98
Graffiti Removal Request,9,Edison Park,2023,16,16,0,1.01,3.18
Graffiti Removal Request,9,Edison Park,2024,29,29,0,0.94,3.15
Graffiti Removal Request,9,Edison Park,2025,35,35,0,0.95,2.27
Graffiti Removal Request,9,Edison Park,2026,46,46,0,0.94,1.9
Graffiti Removal Request,10,Norwood Park,2019,101,101,0,1.22,2.9
Graffiti Removal Request,10,Norwood Park,2020,68,68,0,0.76,2.71
Graffiti Removal Request,10,Norwood Park,2021,134,134,0,0.83,2.47
Graffiti Removal Request,10,Norwood Park,2022,171,171,0,0.91,3.6
Graffiti Removal Request,10,Norwood Park,2023,241,239,2,0.93,3.21
Graffiti Removal Request,10,Norwood Park,2024,161,161,0,1.02,4.04
Graffiti Removal Request,10,Norwood Park,2025,159,152,7,0.94,2.72
Graffiti Removal Request,10,Norwood Park,2026,127,126,1,0.87,2.45
Graffiti Removal Request,11,Jefferson Park,2019,174,174,0,1.06,2.74
Graffiti Removal Request,11,Jefferson Park,2020,216,216,0,0.83,2.53
Graffiti Removal Request,11,Jefferson Park,2021,317,317,0,0.81,2.72
Graffiti Removal Request,11,Jefferson Park,2022,376,376,0,0.88,2.85
Graffiti Removal Request,11,Jefferson Park,2023,303,303,0,0.93,3.08
Graffiti Removal Request,11,Jefferson Park,2024,255,255,0,0.95,2.92
Graffiti Removal Request,11,Jefferson Park,2025,290,286,4,0.92,2.9
Graffiti Removal Request,11,Jefferson Park,2026,224,222,2,0.91,2.83
Graffiti Removal Request,12,Forest Glen,2019,85,85,0,1.2,3.04
Graffiti Removal Request,12,Forest Glen,2020,98,98,0,0.85,2.81
Graffiti Removal Request,12,Forest Glen,2021,161,161,0,1.07,4.03
Graffiti Removal Request,12,Forest Glen,2022,181,181,0,1.03,3.17
Graffiti Removal Request,12,Forest Glen,2023,127,127,0,1.13,4.67
Graffiti Removal Request,12,Forest Glen,2024,189,189,0,1.1,3.96
Graffiti Removal Request,12,Forest Glen,2025,104,104,0,1.06,2.99
Graffiti Removal Request,12,Forest Glen,2026,69,69,0,0.97,3.15
Graffiti Removal Request,13,North Park,2019,173,173,0,1.13,3.12
Graffiti Removal Request,13,North Park,2020,139,139,0,0.95,2.89
Graffiti Removal Request,13,North Park,2021,164,164,0,1.08,3.77
Graffiti Removal Request,13,North Park,2022,200,200,0,1.14,4.02
Graffiti Removal Request,13,North Park,2023,215,215,0,1.26,4.1
Graffiti Removal Request,13,North Park,2024,205,203,2,1.26,5.11
Graffiti Removal Request,13,North Park,2025,218,199,19,1.78,4.22
Graffiti Removal Request,13,North Park,2026,96,88,8,1.07,3.09
Graffiti Removal Request,14,Albany Park,2019,671,671,0,1.19,3.14
Graffiti Removal Request,14,Albany Park,2020,1265,1265,0,0.9,2.83
Graffiti Removal Request,14,Albany Park,2021,532,531,1,1.02,3.12
Graffiti Removal Request,14,Albany Park,2022,797,797,0,1.14,3.95
Graffiti Removal Request,14,Albany Park,2023,867,867,0,1.21,3.95
Graffiti Removal Request,14,Albany Park,2024,590,587,3,1.24,3.99
Graffiti Removal Request,14,Albany Park,2025,704,687,17,1.21,3.9
Graffiti Removal Request,14,Albany Park,2026,504,489,15,1.19,3.51
Graffiti Removal Request,15,Portage Park,2019,688,688,0,1.21,3.05
Graffiti Removal Request,15,Portage Park,2020,729,729,0,0.72,1.93
Graffiti Removal Request,15,Portage Park,2021,983,983,0,0.78,2.7
Graffiti Removal Request,15,Portage Park,2022,796,796,0,0.85,2.86
Graffiti Removal Request,15,Portage Park,2023,842,842,0,1.0,2.97
Graffiti Removal Request,15,Portage Park,2024,864,863,1,0.91,2.9
Graffiti Removal Request,15,Portage Park,2025,971,966,5,0.87,2.72
Graffiti Removal Request,15,Portage Park,2026,679,677,2,0.88,2.53
Graffiti Removal Request,16,Irving Park,2019,1142,1142,0,1.14,2.94
Graffiti Removal Request,16,Irving Park,2020,1622,1622,0,0.87,2.66
Graffiti Removal Request,16,Irving Park,2021,1700,1699,1,0.94,2.98
Graffiti Removal Request,16,Irving Park,2022,1273,1273,0,1.02,3.24
Graffiti Removal Request,16,Irving Park,2023,1205,1205,0,1.14,3.27
Graffiti Removal Request,16,Irving Park,2024,1346,1344,2,1.05,3.14
Graffiti Removal Request,16,Irving Park,2025,1113,1085,28,1.03,3.13
Graffiti Removal Request,16,Irving Park,2026,860,821,39,1.0,3.05
Graffiti Removal Request,17,Dunning,2019,295,295,0,1.17,3.17
Graffiti Removal Request,17,Dunning,2020,280,280,0,0.78,1.9
Graffiti Removal Request,17,Dunning,2021,270,270,0,0.79,2.59
Graffiti Removal Request,17,Dunning,2022,294,294,0,0.78,2.78
Graffiti Removal Request,17,Dunning,2023,191,191,0,0.98,3.1
Graffiti Removal Request,17,Dunning,2024,183,183,0,0.95,2.86
Graffiti Removal Request,17,Dunning,2025,209,206,3,0.85,2.71
Graffiti Removal Request,17,Dunning,2026,186,183,3,0.94,2.75
Graffiti Removal Request,18,Montclare,2019,41,41,0,1.16,2.22
Graffiti Removal Request,18,Montclare,2020,107,107,0,0.65,2.2
Graffiti Removal Request,18,Montclare,2021,116,116,0,0.75,2.63
Graffiti Removal Request,18,Montclare,2022,74,74,0,0.89,2.93
Graffiti Removal Request,18,Montclare,2023,127,127,0,0.85,2.82
Graffiti Removal Request,18,Montclare,2024,57,57,0,0.88,2.9
Graffiti Removal Request,18,Montclare,2025,92,92,0,0.9,1.98
Graffiti Removal Request,18,Montclare,2026,58,58,0,0.93,2.93
Graffiti Removal Request,19,Belmont Cragin,2019,683,683,0,1.14,3.04
Graffiti Removal Request,19,Belmont Cragin,2020,1013,1013,0,0.77,2.33
Graffiti Removal Request,19,Belmont Cragin,2021,1000,1000,0,0.79,2.05
Graffiti Removal Request,19,Belmont Cragin,2022,1271,1271,0,0.85,2.79
Graffiti Removal Request,19,Belmont Cragin,2023,1021,1021,0,0.94,2.83
Graffiti Removal Request,19,Belmont Cragin,2024,772,772,0,0.9,2.87
Graffiti Removal Request,19,Belmont Cragin,2025,810,807,3,0.88,2.69
Graffiti Removal Request,19,Belmont Cragin,2026,511,511,0,0.88,2.1
Graffiti Removal Request,20,Hermosa,2019,354,354,0,1.14,3.0
Graffiti Removal Request,20,Hermosa,2020,381,381,0,0.81,2.16
Graffiti Removal Request,20,Hermosa,2021,322,322,0,0.81,2.95
Graffiti Removal Request,20,Hermosa,2022,407,407,0,0.93,2.92
Graffiti Removal Request,20,Hermosa,2023,456,456,0,0.98,2.92
Graffiti Removal Request,20,Hermosa,2024,384,384,0,0.94,2.88
Graffiti Removal Request,20,Hermosa,2025,425,423,2,0.88,2.87
Graffiti Removal Request,20,Hermosa,2026,195,195,0,0.9,2.93
Graffiti Removal Request,21,Avondale,2019,1607,1607,0,1.09,2.89
Graffiti Removal Request,21,Avondale,2020,1961,1961,0,0.77,1.99
Graffiti Removal Request,21,Avondale,2021,1872,1872,0,0.83,2.8
Graffiti Removal Request,21,Avondale,2022,1459,1459,0,1.07,3.02
Graffiti Removal Request,21,Avondale,2023,1452,1452,0,1.08,3.06
Graffiti Removal Request,21,Avondale,2024,1893,1893,0,0.97,2.98
Graffiti Removal Request,21,Avondale,2025,1494,1480,14,0.96,3.03
Graffiti Removal Request,21,Avondale,2026,1199,1195,4,0.93,2.88
Graffiti Removal Request,22,Logan Square,2019,2051,2051,0,1.17,3.15
Graffiti Removal Request,22,Logan Square,2020,2783,2783,0,0.84,2.68
Graffiti Removal Request,22,Logan Square,2021,3130,3130,0,0.93,2.93
Graffiti Removal Request,22,Logan Square,2022,3428,3428,0,0.97,2.91
Graffiti Removal Request,22,Logan Square,2023,3352,3352,0,1.05,3.1
Graffiti Removal Request,22,Logan Square,2024,3201,3189,12,0.99,3.01
Graffiti Removal Request,22,Logan Square,2025,3674,3663,11,0.98,3.02
Graffiti Removal Request,22,Logan Square,2026,2347,2332,15,1.01,2.99
Graffiti Removal Request,23,Humboldt Park,2019,713,713,0,1.17,3.2
Graffiti Removal Request,23,Humboldt Park,2020,936,936,0,0.83,2.52
Graffiti Removal Request,23,Humboldt Park,2021,784,784,0,0.88,2.79
Graffiti Removal Request,23,Humboldt Park,2022,958,958,0,0.94,2.91
Graffiti Removal Request,23,Humboldt Park,2023,964,964,0,1.01,3.04
Graffiti Removal Request,23,Humboldt Park,2024,756,756,0,0.96,2.98
Graffiti Removal Request,23,Humboldt Park,2025,825,823,2,0.97,3.01
Graffiti Removal Request,23,Humboldt Park,2026,641,639,2,0.94,2.99
Graffiti Removal Request,24,West Town,2019,2154,2154,0,1.19,3.21
Graffiti Removal Request,24,West Town,2020,3014,3014,0,0.89,2.81
Graffiti Removal Request,24,West Town,2021,4549,4549,0,0.96,2.99
Graffiti Removal Request,24,West Town,2022,4927,4927,0,1.01,3.03
Graffiti Removal Request,24,West Town,2023,4926,4926,0,1.02,3.11
Graffiti Removal Request,24,West Town,2024,4419,4414,5,1.01,3.11
Graffiti Removal Request,24,West Town,2025,4421,4404,17,1.04,3.47
Graffiti Removal Request,24,West Town,2026,2824,2801,23,0.99,3.05
Graffiti Removal Request,25,Austin,2019,228,228,0,1.18,3.05
Graffiti Removal Request,25,Austin,2020,354,354,0,0.77,1.92
Graffiti Removal Request,25,Austin,2021,381,381,0,0.91,2.85
Graffiti Removal Request,25,Austin,2022,646,646,0,1.0,3.02
Graffiti Removal Request,25,Austin,2023,543,543,0,0.99,3.01
Graffiti Removal Request,25,Austin,2024,665,665,0,0.9,2.94
Graffiti Removal Request,25,Austin,2025,536,534,2,0.96,3.08
Graffiti Removal Request,25,Austin,2026,320,320,0,0.92,3.0
Graffiti Removal Request,26,West Garfield Park,2019,71,71,0,1.2,3.26
Graffiti Removal Request,26,West Garfield Park,2020,108,108,0,0.96,2.85
Graffiti Removal Request,26,West Garfield Park,2021,207,207,0,0.97,3.02
Graffiti Removal Request,26,West Garfield Park,2022,132,132,0,1.63,3.86
Graffiti Removal Request,26,West Garfield Park,2023,94,94,0,0.85,2.82
Graffiti Removal Request,26,West Garfield Park,2024,156,156,0,0.94,3.83
Graffiti Removal Request,26,West Garfield Park,2025,142,142,0,1.04,3.8
Graffiti Removal Request,26,West Garfield Park,2026,78,78,0,1.2,3.75
Graffiti Removal Request,27,East Garfield Park,2019,147,147,0,1.19,3.11
Graffiti Removal Request,27,East Garfield Park,2020,155,155,0,1.0,3.08
Graffiti Removal Request,27,East Garfield Park,2021,270,270,0,1.02,3.68
Graffiti Removal Request,27,East Garfield Park,2022,168,168,0,1.01,2.95
Graffiti Removal Request,27,East Garfield Park,2023,262,262,0,0.87,2.76
Graffiti Removal Request,27,East Garfield Park,2024,203,203,0,1.01,4.01
Graffiti Removal Request,27,East Garfield Park,2025,215,211,4,1.06,3.95
Graffiti Removal Request,27,East Garfield Park,2026,130,126,4,1.0,3.81
Graffiti Removal Request,28,Near West Side,2019,872,872,0,1.16,3.18
Graffiti Removal Request,28,Near West Side,2020,839,839,0,0.91,2.94
Graffiti Removal Request,28,Near West Side,2021,2416,2415,1,0.99,3.51
Graffiti Removal Request,28,Near West Side,2022,2509,2509,0,0.99,3.03
Graffiti Removal Request,28,Near West Side,2023,2495,2495,0,0.99,3.19
Graffiti Removal Request,28,Near West Side,2024,2779,2777,2,1.01,3.33
Graffiti Removal Request,28,Near West Side,2025,2077,2052,25,1.03,3.75
Graffiti Removal Request,28,Near West Side,2026,1176,1172,4,1.04,3.77
Graffiti Removal Request,29,North Lawndale,2019,335,335,0,1.15,3.22
Graffiti Removal Request,29,North Lawndale,2020,257,257,0,0.94,3.05
Graffiti Removal Request,29,North Lawndale,2021,469,469,0,0.99,3.05
Graffiti Removal Request,29,North Lawndale,2022,411,411,0,0.95,2.99
Graffiti Removal Request,29,North Lawndale,2023,455,455,0,0.87,3.0
Graffiti Removal Request,29,North Lawndale,2024,443,437,6,1.02,3.93
Graffiti Removal Request,29,North Lawndale,2025,527,519,8,0.91,2.93
Graffiti Removal Request,29,North Lawndale,2026,349,348,1,0.95,2.96
Graffiti Removal Request,30,South Lawndale,2019,2458,2457,1,1.17,3.18
Graffiti Removal Request,30,South Lawndale,2020,2517,2515,2,0.84,2.78
Graffiti Removal Request,30,South Lawndale,2021,3252,3250,2,0.93,3.13
Graffiti Removal Request,30,South Lawndale,2022,2656,2656,0,0.93,3.05
Graffiti Removal Request,30,South Lawndale,2023,2492,2483,9,0.87,2.89
Graffiti Removal Request,30,South Lawndale,2024,2582,2581,1,0.95,3.07
Graffiti Removal Request,30,South Lawndale,2025,2730,2723,7,0.93,2.98
Graffiti Removal Request,30,South Lawndale,2026,2240,2235,5,0.91,2.94
Graffiti Removal Request,31,Lower West Side,2019,1713,1712,1,1.19,3.25
Graffiti Removal Request,31,Lower West Side,2020,1746,1746,0,0.86,2.88
Graffiti Removal Request,31,Lower West Side,2021,2609,2609,0,0.98,3.67
Graffiti Removal Request,31,Lower West Side,2022,2806,2806,0,0.98,3.03
Graffiti Removal Request,31,Lower West Side,2023,2530,2528,2,0.9,2.87
Graffiti Removal Request,31,Lower West Side,2024,2129,2128,1,0.96,3.03
Graffiti Removal Request,31,Lower West Side,2025,2458,2441,17,1.02,3.9
Graffiti Removal Request,31,Lower West Side,2026,1594,1584,10,0.92,2.91
Graffiti Removal Request,32,Loop,2019,683,683,0,1.17,3.15
Graffiti Removal Request,32,Loop,2020,676,676,0,0.91,2.9
Graffiti Removal Request,32,Loop,2021,1221,1221,0,1.01,3.18
Graffiti Removal Request,32,Loop,2022,1659,1659,0,1.0,3.67
Graffiti Removal Request,32,Loop,2023,1396,1395,1,1.01,3.13
Graffiti Removal Request,32,Loop,2024,1583,1579,4,1.01,3.21
Graffiti Removal Request,32,Loop,2025,1552,1514,38,0.99,3.0
Graffiti Removal Request,32,Loop,2026,1003,952,51,0.92,2.9
Graffiti Removal Request,33,Near South Side,2019,202,202,0,1.19,3.49
Graffiti Removal Request,33,Near South Side,2020,234,234,0,0.94,3.21
Graffiti Removal Request,33,Near South Side,2021,240,240,0,1.14,3.86
Graffiti Removal Request,33,Near South Side,2022,341,341,0,1.03,3.51
Graffiti Removal Request,33,Near South Side,2023,320,320,0,1.07,3.82
Graffiti Removal Request,33,Near South Side,2024,446,439,7,1.02,3.2
Graffiti Removal Request,33,Near South Side,2025,303,283,20,0.95,3.07
Graffiti Removal Request,33,Near South Side,2026,152,142,10,0.88,2.84
Graffiti Removal Request,34,Armour Square,2019,216,216,0,1.18,3.3
Graffiti Removal Request,34,Armour Square,2020,472,472,0,0.9,2.8
Graffiti Removal Request,34,Armour Square,2021,527,527,0,1.02,3.92
Graffiti Removal Request,34,Armour Square,2022,617,617,0,0.99,3.03
Graffiti Removal Request,34,Armour Square,2023,625,625,0,0.99,3.06
Graffiti Removal Request,34,Armour Square,2024,718,718,0,0.93,2.6
Graffiti Removal Request,34,Armour Square,2025,754,751,3,0.9,2.7
Graffiti Removal Request,34,Armour Square,2026,476,470,6,0.88,2.7
Graffiti Removal Request,35,Douglas,2019,36,36,0,1.13,3.01
Graffiti Removal Request,35,Douglas,2020,60,60,0,0.98,3.02
Graffiti Removal Request,35,Douglas,2021,88,88,0,0.99,3.28
Graffiti Removal Request,35,Douglas,2022,61,61,0,1.02,3.81
Graffiti Removal Request,35,Douglas,2023,71,71,0,0.97,3.13
Graffiti Removal Request,35,Douglas,2024,91,87,4,1.03,3.39
Graffiti Removal Request,35,Douglas,2025,79,71,8,0.96,3.14
Graffiti Removal Request,35,Douglas,2026,44,37,7,0.92,2.01
Graffiti Removal Request,36,Oakland,2019,12,12,0,0.94,2.78
Graffiti Removal Request,36,Oakland,2020,18,18,0,2.3,7.49
Graffiti Removal Request,36,Oakland,2021,20,20,0,1.98,10.27
Graffiti Removal Request,36,Oakland,2022,20,20,0,1.08,3.22
Graffiti Removal Request,36,Oakland,2023,20,20,0,3.76,12.33
Graffiti Removal Request,36,Oakland,2024,48,48,0,1.14,6.78
Graffiti Removal Request,36,Oakland,2025,47,33,14,1.21,3.12
Graffiti Removal Request,36,Oakland,2026,11,7,4,1.17,1.23
Graffiti Removal Request,37,Fuller Park,2019,28,28,0,1.03,2.82
Graffiti Removal Request,37,Fuller Park,2020,23,23,0,0.89,2.97
Graffiti Removal Request,37,Fuller Park,2021,36,36,0,0.95,2.73
Graffiti Removal Request,37,Fuller Park,2022,63,63,0,0.95,2.64
Graffiti Removal Request,37,Fuller Park,2023,48,48,0,0.83,1.97
Graffiti Removal Request,37,Fuller Park,2024,150,150,0,1.0,3.03
Graffiti Removal Request,37,Fuller Park,2025,152,152,0,1.04,3.03
Graffiti Removal Request,37,Fuller Park,2026,63,63,0,0.93,2.56
Graffiti Removal Request,38,Grand Boulevard,2019,34,34,0,1.05,3.1
Graffiti Removal Request,38,Grand Boulevard,2020,54,54,0,0.94,2.9
Graffiti Removal Request,38,Grand Boulevard,2021,74,74,0,1.03,3.55
Graffiti Removal Request,38,Grand Boulevard,2022,69,69,0,0.98,3.27
Graffiti Removal Request,38,Grand Boulevard,2023,85,85,0,1.0,3.81
Graffiti Removal Request,38,Grand Boulevard,2024,149,149,0,0.99,3.02
Graffiti Removal Request,38,Grand Boulevard,2025,138,138,0,0.99,3.17
Graffiti Removal Request,38,Grand Boulevard,2026,85,85,0,0.92,2.83
Graffiti Removal Request,39,Kenwood,2019,44,44,0,1.1,3.32
Graffiti Removal Request,39,Kenwood,2020,32,32,0,0.88,2.83
Graffiti Removal Request,39,Kenwood,2021,27,27,0,1.99,11.61
Graffiti Removal Request,39,Kenwood,2022,37,37,0,1.25,5.07
Graffiti Removal Request,39,Kenwood,2023,39,39,0,1.2,7.14
Graffiti Removal Request,39,Kenwood,2024,63,63,0,1.09,3.78
Graffiti Removal Request,39,Kenwood,2025,61,51,10,1.02,4.11
Graffiti Removal Request,39,Kenwood,2026,42,39,3,0.98,2.86
Graffiti Removal Request,40,Washington Park,2019,26,26,0,1.08,2.63
Graffiti Removal Request,40,Washington Park,2020,50,50,0,0.85,2.76
Graffiti Removal Request,40,Washington Park,2021,44,44,0,1.01,3.59
Graffiti Removal Request,40,Washington Park,2022,69,69,0,1.22,3.14
Graffiti Removal Request,40,Washington Park,2023,34,34,0,0.98,2.87
Graffiti Removal Request,40,Washington Park,2024,100,100,0,1.04,3.68
Graffiti Removal Request,40,Washington Park,2025,90,90,0,0.96,3.3
Graffiti Removal Request,40,Washington Park,2026,96,94,2,0.84,2.59
Graffiti Removal Request,41,Hyde Park,2019,35,35,0,1.17,3.45
Graffiti Removal Request,41,Hyde Park,2020,80,80,0,1.09,3.32
Graffiti Removal Request,41,Hyde Park,2021,125,125,0,1.68,8.86
Graffiti Removal Request,41,Hyde Park,2022,120,120,0,1.73,12.78
Graffiti Removal Request,41,Hyde Park,2023,90,90,0,1.86,10.02
Graffiti Removal Request,41,Hyde Park,2024,144,137,7,2.0,27.47
Graffiti Removal Request,41,Hyde Park,2025,162,133,29,0.92,2.91
Graffiti Removal Request,41,Hyde Park,2026,99,88,11,1.02,3.17
Graffiti Removal Request,42,Woodlawn,2019,16,16,0,1.28,3.47
Graffiti Removal Request,42,Woodlawn,2020,33,33,0,0.86,1.73
Graffiti Removal Request,42,Woodlawn,2021,52,52,0,1.17,3.91
Graffiti Removal Request,42,Woodlawn,2022,36,36,0,1.81,4.37
Graffiti Removal Request,42,Woodlawn,2023,52,52,0,0.94,3.94
Graffiti Removal Request,42,Woodlawn,2024,67,67,0,1.01,3.09
Graffiti Removal Request,42,Woodlawn,2025,69,59,10,1.07,2.95
Graffiti Removal Request,42,Woodlawn,2026,49,49,0,0.99,2.88
Graffiti Removal Request,43,South Shore,2019,50,50,0,1.17,3.29
Graffiti Removal Request,43,South Shore,2020,47,47,0,0.87,2.06
Graffiti Removal Request,43,South Shore,2021,86,86,0,1.08,3.93
Graffiti Removal Request,43,South Shore,2022,113,113,0,1.11,3.89
Graffiti Removal Request,43,South Shore,2023,125,125,0,0.98,2.94
Graffiti Removal Request,43,South Shore,2024,111,110,1,1.06,3.87
Graffiti Removal Request,43,South Shore,2025,107,105,2,0.97,3.14
Graffiti Removal Request,43,South Shore,2026,67,67,0,0.95,2.91
Graffiti Removal Request,44,Chatham,2019,22,22,0,1.19,2.31
Graffiti Removal Request,44,Chatham,2020,24,24,0,0.81,1.85
Graffiti Removal Request,44,Chatham,2021,45,45,0,1.11,3.18
Graffiti Removal Request,44,Chatham,2022,87,87,0,1.03,3.48
Graffiti Removal Request,44,Chatham,2023,68,68,0,0.98,3.77
Graffiti Removal Request,44,Chatham,2024,64,64,0,0.95,3.0
Graffiti Removal Request,44,Chatham,2025,70,69,1,0.98,3.41
Graffiti Removal Request,44,Chatham,2026,69,68,1,0.93,3.15
Graffiti Removal Request,45,Avalon Park,2019,6,6,0,1.06,3.14
Graffiti Removal Request,45,Avalon Park,2020,33,33,0,0.95,2.94
Graffiti Removal Request,45,Avalon Park,2021,38,38,0,0.97,3.28
Graffiti Removal Request,45,Avalon Park,2022,33,33,0,0.91,2.96
Graffiti Removal Request,45,Avalon Park,2023,37,37,0,0.91,2.55
Graffiti Removal Request,45,Avalon Park,2024,49,49,0,0.75,2.05
Graffiti Removal Request,45,Avalon Park,2025,41,41,0,0.99,3.74
Graffiti Removal Request,45,Avalon Park,2026,19,19,0,0.9,1.89
Graffiti Removal Request,46,South Chicago,2019,157,157,0,1.15,2.9
Graffiti Removal Request,46,South Chicago,2020,258,258,0,0.93,2.9
Graffiti Removal Request,46,South Chicago,2021,182,182,0,1.01,3.39
Graffiti Removal Request,46,South Chicago,2022,264,264,0,1.08,3.19
Graffiti Removal Request,46,South Chicago,2023,261,261,0,1.01,3.53
Graffiti Removal Request,46,South Chicago,2024,274,273,1,1.04,3.26
Graffiti Removal Request,46,South Chicago,2025,200,199,1,1.05,3.18
Graffiti Removal Request,46,South Chicago,2026,172,171,1,0.98,2.98
Graffiti Removal Request,47,Burnside,2019,5,5,0,1.13,2.97
Graffiti Removal Request,47,Burnside,2020,2,2,0,1.48,2.0
Graffiti Removal Request,47,Burnside,2021,2,2,0,1.03,1.06
Graffiti Removal Request,47,Burnside,2022,7,7,0,0.96,2.44
Graffiti Removal Request,47,Burnside,2023,6,6,0,2.83,3.89
Graffiti Removal Request,47,Burnside,2024,6,6,0,1.33,219.32
Graffiti Removal Request,47,Burnside,2025,13,13,0,0.94,3.44
Graffiti Removal Request,47,Burnside,2026,5,5,0,0.83,2.02
Graffiti Removal Request,48,Calumet Heights,2019,18,18,0,1.05,2.27
Graffiti Removal Request,48,Calumet Heights,2020,47,47,0,0.94,2.82
Graffiti Removal Request,48,Calumet Heights,2021,44,44,0,0.99,2.14
Graffiti Removal Request,48,Calumet Heights,2022,86,86,0,0.79,3.11
Graffiti Removal Request,48,Calumet Heights,2023,68,68,0,1.01,3.07
Graffiti Removal Request,48,Calumet Heights,2024,72,72,0,0.97,3.11
Graffiti Removal Request,48,Calumet Heights,2025,70,70,0,1.0,2.82
Graffiti Removal Request,48,Calumet Heights,2026,34,34,0,0.9,2.75
Graffiti Removal Request,49,Roseland,2019,54,54,0,1.11,2.99
Graffiti Removal Request,49,Roseland,2020,50,50,0,1.03,3.87
Graffiti Removal Request,49,Roseland,2021,109,109,0,1.11,3.37
Graffiti Removal Request,49,Roseland,2022,208,208,0,1.05,3.23
Graffiti Removal Request,49,Roseland,2023,128,128,0,1.03,3.24
Graffiti Removal Request,49,Roseland,2024,158,158,0,0.94,2.96
Graffiti Removal Request,49,Roseland,2025,138,136,2,0.95,2.15
Graffiti Removal Request,49,Roseland,2026,40,40,0,0.94,3.04
Graffiti Removal Request,50,Pullman,2019,5,5,0,1.08,1.22
Graffiti Removal Request,50,Pullman,2020,9,9,0,0.92,2.78
Graffiti Removal Request,50,Pullman,2021,9,9,0,1.02,1.87
Graffiti Removal Request,50,Pullman,2022,24,23,1,0.97,3.14
Graffiti Removal Request,50,Pullman,2023,6,6,0,1.86,1.97
Graffiti Removal Request,50,Pullman,2024,11,11,0,0.9,1.98
Graffiti Removal Request,50,Pullman,2025,13,13,0,0.76,1.8
Graffiti Removal Request,50,Pullman,2026,11,11,0,1.12,3.23
Graffiti Removal Request,51,South Deering,2019,122,122,0,1.22,3.18
Graffiti Removal Request,51,South Deering,2020,161,161,0,0.87,2.76
Graffiti Removal Request,51,South Deering,2021,126,126,0,0.96,3.17
Graffiti Removal Request,51,South Deering,2022,153,153,0,1.16,3.09
Graffiti Removal Request,51,South Deering,2023,202,202,0,0.98,2.88
Graffiti Removal Request,51,South Deering,2024,296,296,0,1.07,3.0
Graffiti Removal Request,51,South Deering,2025,337,337,0,1.05,2.98
Graffiti Removal Request,51,South Deering,2026,220,218,2,0.96,2.83
Graffiti Removal Request,52,East Side,2019,211,211,0,1.08,2.97
Graffiti Removal Request,52,East Side,2020,271,271,0,0.93,2.64
Graffiti Removal Request,52,East Side,2021,283,283,0,1.11,3.15
Graffiti Removal Request,52,East Side,2022,294,294,0,1.04,3.63
Graffiti Removal Request,52,East Side,2023,396,396,0,1.01,3.01
Graffiti Removal Request,52,East Side,2024,484,484,0,1.04,3.06
Graffiti Removal Request,52,East Side,2025,387,387,0,1.06,3.04
Graffiti Removal Request,52,East Side,2026,189,189,0,0.96,2.83
Graffiti Removal Request,53,West Pullman,2019,66,66,0,1.31,3.09
Graffiti Removal Request,53,West Pullman,2020,31,31,0,1.03,1.56
Graffiti Removal Request,53,West Pullman,2021,44,44,0,1.14,3.74
Graffiti Removal Request,53,West Pullman,2022,18,18,0,1.1,3.38
Graffiti Removal Request,53,West Pullman,2023,38,38,0,1.07,2.83
Graffiti Removal Request,53,West Pullman,2024,86,86,0,1.06,3.2
Graffiti Removal Request,53,West Pullman,2025,76,74,2,1.05,3.07
Graffiti Removal Request,53,West Pullman,2026,21,21,0,0.88,2.97
Graffiti Removal Request,54,Riverdale,2019,2,2,0,0.86,1.06
Graffiti Removal Request,54,Riverdale,2020,1,1,0,2.99,2.99
Graffiti Removal Request,54,Riverdale,2021,7,7,0,0.92,1.84
Graffiti Removal Request,54,Riverdale,2022,1,1,0,3.28,3.28
Graffiti Removal Request,54,Riverdale,2024,1,1,0,0.98,0.98
Graffiti Removal Request,54,Riverdale,2025,16,16,0,1.83,3.01
Graffiti Removal Request,54,Riverdale,2026,2,2,0,0.68,1.05
Graffiti Removal Request,55,Hegewisch,2019,47,47,0,1.18,3.16
Graffiti Removal Request,55,Hegewisch,2020,89,89,0,1.09,3.12
Graffiti Removal Request,55,Hegewisch,2021,50,50,0,2.25,3.92
Graffiti Removal Request,55,Hegewisch,2022,76,76,0,1.91,3.92
Graffiti Removal Request,55,Hegewisch,2023,81,81,0,1.21,2.94
Graffiti Removal Request,55,Hegewisch,2024,66,66,0,1.07,3.38
Graffiti Removal Request,55,Hegewisch,2025,70,70,0,1.0,2.91
Graffiti Removal Request,55,Hegewisch,2026,14,14,0,1.03,2.79
Graffiti Removal Request,56,Garfield Ridge,2019,351,351,0,1.22,3.06
Graffiti Removal Request,56,Garfield Ridge,2020,488,488,0,0.88,2.08
Graffiti Removal Request,56,Garfield Ridge,2021,636,635,1,1.12,3.1
Graffiti Removal Request,56,Garfield Ridge,2022,788,788,0,1.01,2.96
Graffiti Removal Request,56,Garfield Ridge,2023,598,598,0,0.91,2.77
Graffiti Removal Request,56,Garfield Ridge,2024,947,946,1,1.0,3.06
Graffiti Removal Request,56,Garfield Ridge,2025,794,783,11,0.94,3.02
Graffiti Removal Request,56,Garfield Ridge,2026,651,647,4,0.95,2.75
Graffiti Removal Request,57,Archer Heights,2019,721,721,0,1.1,2.95
Graffiti Removal Request,57,Archer Heights,2020,1086,1086,0,0.92,2.36
Graffiti Removal Request,57,Archer Heights,2021,1270,1270,0,1.08,3.0
Graffiti Removal Request,57,Archer Heights,2022,1808,1808,0,0.99,2.85
Graffiti Removal Request,57,Archer Heights,2023,1287,1287,0,0.92,2.87
Graffiti Removal Request,57,Archer Heights,2024,1681,1680,1,0.94,2.87
Graffiti Removal Request,57,Archer Heights,2025,1194,1192,2,0.94,2.91
Graffiti Removal Request,57,Archer Heights,2026,649,648,1,0.93,2.71
Graffiti Removal Request,58,Brighton Park,2019,1552,1552,0,1.08,3.01
Graffiti Removal Request,58,Brighton Park,2020,2415,2415,0,0.83,2.68
Graffiti Removal Request,58,Brighton Park,2021,2543,2543,0,0.92,2.91
Graffiti Removal Request,58,Brighton Park,2022,2881,2881,0,0.93,2.95
Graffiti Removal Request,58,Brighton Park,2023,2161,2161,0,0.91,2.79
Graffiti Removal Request,58,Brighton Park,2024,2975,2973,2,0.89,2.87
Graffiti Removal Request,58,Brighton Park,2025,2922,2908,14,0.94,2.77
Graffiti Removal Request,58,Brighton Park,2026,1694,1693,1,0.85,2.73
Graffiti Removal Request,59,McKinley Park,2019,1438,1438,0,1.17,3.13
Graffiti Removal Request,59,McKinley Park,2020,1558,1558,0,0.82,2.74
Graffiti Removal Request,59,McKinley Park,2021,1718,1718,0,0.94,3.02
Graffiti Removal Request,59,McKinley Park,2022,1716,1716,0,0.88,2.95
Graffiti Removal Request,59,McKinley Park,2023,1156,1156,0,0.88,2.72
Graffiti Removal Request,59,McKinley Park,2024,1365,1358,7,0.95,3.55
Graffiti Removal Request,59,McKinley Park,2025,1467,1450,17,0.87,2.6
Graffiti Removal Request,59,McKinley Park,2026,953,944,9,0.86,2.69
Graffiti Removal Request,60,Bridgeport,2019,628,628,0,1.16,3.0
Graffiti Removal Request,60,Bridgeport,2020,730,730,0,0.94,2.86
Graffiti Removal Request,60,Bridgeport,2021,772,772,0,1.05,3.63
Graffiti Removal Request,60,Bridgeport,2022,881,881,0,0.94,2.96
Graffiti Removal Request,60,Bridgeport,2023,945,945,0,0.97,3.04
Graffiti Removal Request,60,Bridgeport,2024,1241,1235,6,0.92,2.8
Graffiti Removal Request,60,Bridgeport,2025,1302,1285,17,0.96,2.93
Graffiti Removal Request,60,Bridgeport,2026,581,570,11,0.94,2.69
Graffiti Removal Request,61,New City,2019,668,668,0,1.12,3.0
Graffiti Removal Request,61,New City,2020,1494,1494,0,0.89,2.54
Graffiti Removal Request,61,New City,2021,1361,1361,0,1.0,2.91
Graffiti Removal Request,61,New City,2022,1391,1391,0,0.96,2.9
Graffiti Removal Request,61,New City,2023,1708,1708,0,0.9,2.86
Graffiti Removal Request,61,New City,2024,1710,1709,1,0.96,3.05
Graffiti Removal Request,61,New City,2025,1818,1814,4,0.96,2.85
Graffiti Removal Request,61,New City,2026,887,880,7,0.92,2.62
Graffiti Removal Request,62,West Elsdon,2019,390,390,0,1.11,2.97
Graffiti Removal Request,62,West Elsdon,2020,620,620,0,0.9,2.64
Graffiti Removal Request,62,West Elsdon,2021,684,684,0,0.99,3.11
Graffiti Removal Request,62,West Elsdon,2022,884,884,0,0.99,3.03
Graffiti Removal Request,62,West Elsdon,2023,848,848,0,0.98,2.9
Graffiti Removal Request,62,West Elsdon,2024,1038,1038,0,0.95,2.76
Graffiti Removal Request,62,West Elsdon,2025,803,803,0,1.01,2.97
Graffiti Removal Request,62,West Elsdon,2026,291,291,0,0.92,2.17
Graffiti Removal Request,63,Gage Park,2019,1657,1657,0,1.07,2.89
Graffiti Removal Request,63,Gage Park,2020,2474,2474,0,0.9,2.38
Graffiti Removal Request,63,Gage Park,2021,1879,1877,2,0.94,2.94
Graffiti Removal Request,63,Gage Park,2022,1996,1994,2,0.97,2.87
Graffiti Removal Request,63,Gage Park,2023,2420,2420,0,0.92,2.82
Graffiti Removal Request,63,Gage Park,2024,2599,2592,7,0.93,2.81
Graffiti Removal Request,63,Gage Park,2025,1661,1653,8,0.95,2.88
Graffiti Removal Request,63,Gage Park,2026,990,977,13,0.87,2.68
Graffiti Removal Request,64,Clearing,2019,120,120,0,1.19,3.03
Graffiti Removal Request,64,Clearing,2020,133,133,0,0.99,2.79
Graffiti Removal Request,64,Clearing,2021,174,174,0,1.05,2.78
Graffiti Removal Request,64,Clearing,2022,185,185,0,1.13,3.13
Graffiti Removal Request,64,Clearing,2023,163,163,0,0.96,2.88
Graffiti Removal Request,64,Clearing,2024,190,190,0,0.94,3.31
Graffiti Removal Request,64,Clearing,2025,193,192,1,0.97,2.81
Graffiti Removal Request,64,Clearing,2026,127,124,3,1.0,2.25
Graffiti Removal Request,65,West Lawn,2019,281,281,0,1.09,2.73
Graffiti Removal Request,65,West Lawn,2020,448,448,0,0.87,2.2
Graffiti Removal Request,65,West Lawn,2021,580,580,0,0.96,3.08
Graffiti Removal Request,65,West Lawn,2022,753,753,0,0.95,2.83
Graffiti Removal Request,65,West Lawn,2023,862,862,0,0.99,2.88
Graffiti Removal Request,65,West Lawn,2024,917,915,2,0.97,2.79
Graffiti Removal Request,65,West Lawn,2025,841,840,1,0.96,2.9
Graffiti Removal Request,65,West Lawn,2026,461,461,0,0.92,2.82
Graffiti Removal Request,66,Chicago Lawn,2019,658,658,0,1.12,3.02
Graffiti Removal Request,66,Chicago Lawn,2020,1117,1117,0,0.86,2.44
Graffiti Removal Request,66,Chicago Lawn,2021,1280,1280,0,0.96,3.0
Graffiti Removal Request,66,Chicago Lawn,2022,1502,1502,0,1.01,2.86
Graffiti Removal Request,66,Chicago Lawn,2023,1571,1571,0,0.96,2.95
Graffiti Removal Request,66,Chicago Lawn,2024,1662,1662,0,0.97,2.94
Graffiti Removal Request,66,Chicago Lawn,2025,1583,1581,2,0.97,2.94
Graffiti Removal Request,66,Chicago Lawn,2026,801,799,2,0.92,2.68
Graffiti Removal Request,67,West Englewood,2019,121,121,0,1.08,3.22
Graffiti Removal Request,67,West Englewood,2020,178,178,0,0.91,2.97
Graffiti Removal Request,67,West Englewood,2021,189,189,0,1.03,2.95
Graffiti Removal Request,67,West Englewood,2022,306,306,0,1.01,2.95
Graffiti Removal Request,67,West Englewood,2023,161,161,0,0.97,2.92
Graffiti Removal Request,67,West Englewood,2024,257,257,0,0.95,3.31
Graffiti Removal Request,67,West Englewood,2025,463,463,0,0.97,2.57
Graffiti Removal Request,67,West Englewood,2026,280,279,1,0.93,2.91
Graffiti Removal Request,68,Englewood,2019,70,70,0,1.21,3.16
Graffiti Removal Request,68,Englewood,2020,96,96,0,1.1,3.67
Graffiti Removal Request,68,Englewood,2021,133,133,0,1.07,3.72
Graffiti Removal Request,68,Englewood,2022,175,175,0,1.1,3.67
Graffiti Removal Request,68,Englewood,2023,113,113,0,1.03,3.2
Graffiti Removal Request,68,Englewood,2024,209,209,0,1.01,3.71
Graffiti Removal Request,68,Englewood,2025,323,323,0,1.01,2.94
Graffiti Removal Request,68,Englewood,2026,142,142,0,0.96,2.92
Graffiti Removal Request,69,Greater Grand Crossing,2019,43,43,0,1.12,2.84
Graffiti Removal Request,69,Greater Grand Crossing,2020,64,64,0,0.96,2.87
Graffiti Removal Request,69,Greater Grand Crossing,2021,78,78,0,1.1,3.68
Graffiti Removal Request,69,Greater Grand Crossing,2022,73,73,0,1.13,3.65
Graffiti Removal Request,69,Greater Grand Crossing,2023,67,67,0,0.99,3.53
Graffiti Removal Request,69,Greater Grand Crossing,2024,121,121,0,1.01,3.67
Graffiti Removal Request,69,Greater Grand Crossing,2025,120,120,0,0.99,2.97
Graffiti Removal Request,69,Greater Grand Crossing,2026,84,84,0,1.06,3.11
Graffiti Removal Request,70,Ashburn,2019,422,422,0,1.12,2.94
Graffiti Removal Request,70,Ashburn,2020,357,357,0,0.89,2.74
Graffiti Removal Request,70,Ashburn,2021,349,349,0,1.05,2.99
Graffiti Removal Request,70,Ashburn,2022,759,759,0,1.1,3.09
Graffiti Removal Request,70,Ashburn,2023,583,583,0,0.99,2.95
Graffiti Removal Request,70,Ashburn,2024,658,658,0,1.0,2.99
Graffiti Removal Request,70,Ashburn,2025,665,663,2,1.01,2.99
Graffiti Removal Request,70,Ashburn,2026,188,188,0,0.99,3.02
Graffiti Removal Request,71,Auburn Gresham,2019,44,44,0,1.0,3.01
Graffiti Removal Request,71,Auburn Gresham,2020,96,96,0,0.96,3.05
Graffiti Removal Request,71,Auburn Gresham,2021,82,82,0,1.18,3.26
Graffiti Removal Request,71,Auburn Gresham,2022,80,80,0,1.77,3.0
Graffiti Removal Request,71,Auburn Gresham,2023,103,103,0,0.91,2.92
Graffiti Removal Request,71,Auburn Gresham,2024,103,103,0,1.07,3.14
Graffiti Removal Request,71,Auburn Gresham,2025,154,154,0,1.01,3.03
Graffiti Removal Request,71,Auburn Gresham,2026,81,81,0,0.99,3.02
Graffiti Removal Request,72,Beverly,2019,24,24,0,1.17,3.17
Graffiti Removal Request,72,Beverly,2020,49,49,0,0.91,2.54
Graffiti Removal Request,72,Beverly,2021,55,55,0,1.09,2.96
Graffiti Removal Request,72,Beverly,2022,62,62,0,1.2,3.98
Graffiti Removal Request,72,Beverly,2023,28,28,0,1.08,2.77
Graffiti Removal Request,72,Beverly,2024,27,27,0,0.97,2.92
Graffiti Removal Request,72,Beverly,2025,31,30,1,0.99,2.72
Graffiti Removal Request,72,Beverly,2026,33,32,1,0.89,3.0
Graffiti Removal Request,73,Washington Heights,2019,16,16,0,1.49,3.73
Graffiti Removal Request,73,Washington Heights,2020,35,35,0,0.94,2.67
Graffiti Removal Request,73,Washington Heights,2021,21,21,0,1.32,4.04
Graffiti Removal Request,73,Washington Heights,2022,76,76,0,1.08,3.6
Graffiti Removal Request,73,Washington Heights,2023,69,69,0,0.84,2.93
Graffiti Removal Request,73,Washington Heights,2024,54,54,0,0.9,2.66
Graffiti Removal Request,73,Washington Heights,2025,45,45,0,0.95,4.17
Graffiti Removal Request,73,Washington Heights,2026,38,38,0,0.95,2.98
Graffiti Removal Request,74,Mount Greenwood,2019,10,10,0,1.06,2.29
Graffiti Removal Request,74,Mount Greenwood,2020,24,24,0,0.86,2.64
Graffiti Removal Request,74,Mount Greenwood,2021,9,9,0,1.98,2.91
Graffiti Removal Request,74,Mount Greenwood,2022,16,16,0,1.1,3.73
Graffiti Removal Request,74,Mount Greenwood,2023,21,21,0,0.93,2.9
Graffiti Removal Request,74,Mount Greenwood,2024,16,16,0,0.99,2.82
Graffiti Removal Request,74,Mount Greenwood,2025,10,9,1,2.08,3.8
Graffiti Removal Request,74,Mount Greenwood,2026,8,7,1,0.84,2.23
Graffiti Removal Request,75,Morgan Park,2019,17,17,0,1.18,2.61
Graffiti Removal Request,75,Morgan Park,2020,31,31,0,0.84,2.1
Graffiti Removal Request,75,Morgan Park,2021,13,13,0,1.01,2.22
Graffiti Removal Request,75,Morgan Park,2022,30,30,0,1.24,3.0
Graffiti Removal Request,75,Morgan Park,2023,20,20,0,1.1,2.14
Graffiti Removal Request,75,Morgan Park,2024,41,41,0,0.93,3.04
Graffiti Removal Request,75,Morgan Park,2025,31,31,0,0.95,2.95
Graffiti Removal Request,75,Morgan Park,2026,25,25,0,1.12,2.9
Graffiti Removal Request,76,O'Hare,2019,14,14,0,1.12,2.25
Graffiti Removal Request,76,O'Hare,2020,12,12,0,0.87,2.08
Graffiti Removal Request,76,O'Hare,2021,18,18,0,0.88,2.89
Graffiti Removal Request,76,O'Hare,2022,33,33,0,1.19,4.02
Graffiti Removal Request,76,O'Hare,2023,32,32,0,0.98,2.81
Graffiti Removal Request,76,O'Hare,2024,36,36,0,0.85,2.66
Graffiti Removal Request,76,O'Hare,2025,37,37,0,0.98,3.35
Graffiti Removal Request,76,O'Hare,2026,17,17,0,0.95,2.91
Graffiti Removal Request,77,Edgewater,2019,517,517,0,1.23,3.2
Graffiti Removal Request,77,Edgewater,2020,956,956,0,0.86,2.8
Graffiti Removal Request,77,Edgewater,2021,804,804,0,0.95,3.02
Graffiti Removal Request,77,Edgewater,2022,1005,1004,1,1.03,3.93
Graffiti Removal Request,77,Edgewater,2023,898,898,0,0.95,3.21
Graffiti Removal Request,77,Edgewater,2024,1562,1559,3,1.07,3.91
Graffiti Removal Request,77,Edgewater,2025,837,774,63,0.97,3.02
Graffiti Removal Request,77,Edgewater,2026,666,623,43,1.03,3.14
Pothole in Street Complaint,1,Rogers Park,2019,417,417,0,23.99,155.55
Pothole in Street Complaint,1,Rogers Park,2020,299,299,0,15.02,121.63
Pothole in Street Complaint,1,Rogers Park,2021,324,323,1,7.9,69.64
Pothole in Street Complaint,1,Rogers Park,2022,418,418,0,13.98,99.7
Pothole in Street Complaint,1,Rogers Park,2023,548,548,0,4.24,27.39
Pothole in Street Complaint,1,Rogers Park,2024,599,599,0,2.97,17.38
Pothole in Street Complaint,1,Rogers Park,2025,310,310,0,6.85,49.24
Pothole in Street Complaint,1,Rogers Park,2026,465,432,33,8.28,37.8
Pothole in Street Complaint,2,West Ridge,2019,1045,1045,0,17.22,142.45
Pothole in Street Complaint,2,West Ridge,2020,637,637,0,8.44,94.62
Pothole in Street Complaint,2,West Ridge,2021,541,541,0,3.3,53.06
Pothole in Street Complaint,2,West Ridge,2022,736,736,0,6.81,67.9
Pothole in Street Complaint,2,West Ridge,2023,693,693,0,4.12,25.12
Pothole in Street Complaint,2,West Ridge,2024,638,637,1,4.0,28.06
Pothole in Street Complaint,2,West Ridge,2025,423,422,1,6.82,56.67
Pothole in Street Complaint,2,West Ridge,2026,708,661,47,6.89,34.97
Pothole in Street Complaint,3,Uptown,2019,399,399,0,31.98,157.1
Pothole in Street Complaint,3,Uptown,2020,325,325,0,14.17,102.0
Pothole in Street Complaint,3,Uptown,2021,275,275,0,5.64,61.52
Pothole in Street Complaint,3,Uptown,2022,314,314,0,11.78,74.59
Pothole in Street Complaint,3,Uptown,2023,375,375,0,6.01,28.3
Pothole in Street Complaint,3,Uptown,2024,392,391,1,3.94,22.74
Pothole in Street Complaint,3,Uptown,2025,341,340,1,8.84,49.83
Pothole in Street Complaint,3,Uptown,2026,378,342,36,7.45,31.67
Pothole in Street Complaint,4,Lincoln Square,2019,546,546,0,20.13,126.02
Pothole in Street Complaint,4,Lincoln Square,2020,371,371,0,5.08,93.97
Pothole in Street Complaint,4,Lincoln Square,2021,336,336,0,5.43,46.41
Pothole in Street Complaint,4,Lincoln Square,2022,621,621,0,5.76,23.76
Pothole in Street Complaint,4,Lincoln Square,2023,594,594,0,3.15,10.89
Pothole in Street Complaint,4,Lincoln Square,2024,609,609,0,2.58,19.02
Pothole in Street Complaint,4,Lincoln Square,2025,387,387,0,5.05,23.84
Pothole in Street Complaint,4,Lincoln Square,2026,469,439,30,4.75,18.61
Pothole in Street Complaint,5,North Center,2019,496,496,0,19.26,137.88
Pothole in Street Complaint,5,North Center,2020,408,408,0,7.45,89.34
Pothole in Street Complaint,5,North Center,2021,344,344,0,5.35,37.45
Pothole in Street Complaint,5,North Center,2022,531,531,0,7.04,42.28
Pothole in Street Complaint,5,North Center,2023,413,413,0,3.86,30.42
Pothole in Street Complaint,5,North Center,2024,476,476,0,4.04,34.52
Pothole in Street Complaint,5,North Center,2025,409,406,3,8.21,84.93
Pothole in Street Complaint,5,North Center,2026,584,431,153,5.94,26.1
Pothole in Street Complaint,6,Lake View,2019,814,814,0,18.94,134.03
Pothole in Street Complaint,6,Lake View,2020,457,457,0,14.94,110.97
Pothole in Street Complaint,6,Lake View,2021,517,517,0,10.72,77.48
Pothole in Street Complaint,6,Lake View,2022,711,711,0,14.09,77.95
Pothole in Street Complaint,6,Lake View,2023,607,607,0,5.36,33.6
Pothole in Street Complaint,6,Lake View,2024,655,654,1,5.63,59.69
Pothole in Street Complaint,6,Lake View,2025,544,542,2,8.11,70.63
Pothole in Street Complaint,6,Lake View,2026,698,594,104,10.17,46.87
Pothole in Street Complaint,7,Lincoln Park,2019,888,888,0,17.99,121.24
Pothole in Street Complaint,7,Lincoln Park,2020,441,441,0,7.12,88.74
Pothole in Street Complaint,7,Lincoln Park,2021,482,482,0,10.82,62.03
Pothole in Street Complaint,7,Lincoln Park,2022,781,781,0,10.01,75.07
Pothole in Street Complaint,7,Lincoln Park,2023,672,672,0,6.79,39.82
Pothole in Street Complaint,7,Lincoln Park,2024,833,833,0,4.94,37.17
Pothole in Street Complaint,7,Lincoln Park,2025,669,668,1,8.97,80.77
Pothole in Street Complaint,7,Lincoln Park,2026,891,747,144,7.3,41.68
Pothole in Street Complaint,8,Near North Side,2019,920,920,0,17.41,99.04
Pothole in Street Complaint,8,Near North Side,2020,431,431,0,4.04,20.86
Pothole in Street Complaint,8,Near North Side,2021,556,556,0,2.74,27.77
Pothole in Street Complaint,8,Near North Side,2022,952,951,1,3.95,40.19
Pothole in Street Complaint,8,Near North Side,2023,836,836,0,3.98,16.73
Pothole in Street Complaint,8,Near North Side,2024,751,750,1,4.63,31.7
Pothole in Street Complaint,8,Near North Side,2025,507,506,1,9.81,76.22
Pothole in Street Complaint,8,Near North Side,2026,659,603,56,6.59,37.59
Pothole in Street Complaint,9,Edison Park,2019,307,307,0,31.85,178.41
Pothole in Street Complaint,9,Edison Park,2020,208,208,0,8.32,72.74
Pothole in Street Complaint,9,Edison Park,2021,233,233,0,6.27,153.72
Pothole in Street Complaint,9,Edison Park,2022,242,242,0,13.05,73.52
Pothole in Street Complaint,9,Edison Park,2023,225,225,0,7.05,53.44
Pothole in Street Complaint,9,Edison Park,2024,221,221,0,7.77,126.57
Pothole in Street Complaint,9,Edison Park,2025,151,151,0,25.95,129.71
Pothole in Street Complaint,9,Edison Park,2026,206,132,74,13.42,66.59
Pothole in Street Complaint,10,Norwood Park,2019,854,854,0,31.99,195.89
Pothole in Street Complaint,10,Norwood Park,2020,536,536,0,11.04,101.86
Pothole in Street Complaint,10,Norwood Park,2021,601,601,0,7.1,174.78
Pothole in Street Complaint,10,Norwood Park,2022,755,755,0,13.78,72.9
Pothole in Street Complaint,10,Norwood Park,2023,654,654,0,8.13,80.43
Pothole in Street Complaint,10,Norwood Park,2024,615,615,0,13.67,182.91
Pothole in Street Complaint,10,Norwood Park,2025,496,496,0,35.04,147.21
Pothole in Street Complaint,10,Norwood Park,2026,648,445,203,13.13,62.44
Pothole in Street Complaint,11,Jefferson Park,2019,604,604,0,30.77,169.57
Pothole in Street Complaint,11,Jefferson Park,2020,423,423,0,7.81,75.91
Pothole in Street Complaint,11,Jefferson Park,2021,405,405,0,4.24,154.88
Pothole in Street Complaint,11,Jefferson Park,2022,515,515,0,11.71,78.92
Pothole in Street Complaint,11,Jefferson Park,2023,341,341,0,11.8,63.15
Pothole in Street Complaint,11,Jefferson Park,2024,331,331,0,25.12,203.77
Pothole in Street Complaint,11,Jefferson Park,2025,208,208,0,44.22,130.83
Pothole in Street Complaint,11,Jefferson Park,2026,351,276,75,14.86,83.48
Pothole in Street Complaint,12,Forest Glen,2019,569,569,0,29.62,191.85
Pothole in Street Complaint,12,Forest Glen,2020,315,315,0,18.06,114.85
Pothole in Street Complaint,12,Forest Glen,2021,358,358,0,9.31,168.36
Pothole in Street Complaint,12,Forest Glen,2022,487,487,0,16.01,84.92
Pothole in Street Complaint,12,Forest Glen,2023,417,417,0,9.23,73.47
Pothole in Street Complaint,12,Forest Glen,2024,414,413,1,7.6,196.5
Pothole in Street Complaint,12,Forest Glen,2025,275,275,0,35.8,140.63
Pothole in Street Complaint,12,Forest Glen,2026,363,237,126,11.07,60.96
Pothole in Street Complaint,13,North Park,2019,350,350,0,19.28,178.23
Pothole in Street Complaint,13,North Park,2020,198,198,0,14.55,103.65
Pothole in Street Complaint,13,North Park,2021,219,219,0,17.16,186.29
Pothole in Street Complaint,13,North Park,2022,311,310,1,9.7,69.05
Pothole in Street Complaint,13,North Park,2023,255,255,0,10.93,81.05
Pothole in Street Complaint,13,North Park,2024,292,292,0,5.57,170.34
Pothole in Street Complaint,13,North Park,2025,252,252,0,13.6,119.78
Pothole in Street Complaint,13,North Park,2026,376,319,57,10.75,38.12
Pothole in Street Complaint,14,Albany Park,2019,600,600,0,32.9,173.38
Pothole in Street Complaint,14,Albany Park,2020,439,439,0,12.07,78.61
Pothole in Street Complaint,14,Albany Park,2021,454,454,0,5.03,114.51
Pothole in Street Complaint,14,Albany Park,2022,549,549,0,7.33,67.26
Pothole in Street Complaint,14,Albany Park,2023,399,399,0,13.03,83.67
Pothole in Street Complaint,14,Albany Park,2024,403,403,0,7.05,181.79
Pothole in Street Complaint,14,Albany Park,2025,332,332,0,31.31,153.32
Pothole in Street Complaint,14,Albany Park,2026,475,415,60,14.9,98.96
Pothole in Street Complaint,15,Portage Park,2019,953,953,0,29.16,164.37
Pothole in Street Complaint,15,Portage Park,2020,491,491,0,11.96,101.89
Pothole in Street Complaint,15,Portage Park,2021,552,552,0,8.02,175.05
Pothole in Street Complaint,15,Portage Park,2022,734,734,0,10.37,69.88
Pothole in Street Complaint,15,Portage Park,2023,635,635,0,15.76,76.87
Pothole in Street Complaint,15,Portage Park,2024,602,602,0,15.14,214.78
Pothole in Street Complaint,15,Portage Park,2025,527,527,0,34.86,119.17
Pothole in Street Complaint,15,Portage Park,2026,710,559,151,14.79,80.21
Pothole in Street Complaint,16,Irving Park,2019,923,923,0,34.83,187.91
Pothole in Street Complaint,16,Irving Park,2020,589,589,0,13.95,89.87
Pothole in Street Complaint,16,Irving Park,2021,606,606,0,7.22,156.52
Pothole in Street Complaint,16,Irving Park,2022,907,907,0,13.16,73.62
Pothole in Street Complaint,16,Irving Park,2023,495,495,0,16.9,88.55
Pothole in Street Complaint,16,Irving Park,2024,530,530,0,11.63,209.13
Pothole in Street Complaint,16,Irving Park,2025,484,484,0,37.82,130.61
Pothole in Street Complaint,16,Irving Park,2026,618,476,142,9.87,81.89
Pothole in Street Complaint,17,Dunning,2019,780,780,0,32.94,170.72
Pothole in Street Complaint,17,Dunning,2020,366,366,0,10.1,79.91
Pothole in Street Complaint,17,Dunning,2021,344,344,0,14.59,161.26
Pothole in Street Complaint,17,Dunning,2022,538,538,0,14.08,73.77
Pothole in Street Complaint,17,Dunning,2023,464,464,0,9.88,78.05
Pothole in Street Complaint,17,Dunning,2024,339,339,0,42.97,239.21
Pothole in Street Complaint,17,Dunning,2025,292,292,0,31.66,150.93
Pothole in Street Complaint,17,Dunning,2026,378,261,117,15.55,85.01
Pothole in Street Complaint,18,Montclare,2019,215,215,0,55.92,217.45
Pothole in Street Complaint,18,Montclare,2020,166,166,0,13.1,97.83
Pothole in Street Complaint,18,Montclare,2021,150,150,0,21.91,212.29
Pothole in Street Complaint,18,Montclare,2022,220,220,0,15.93,71.96
Pothole in Street Complaint,18,Montclare,2023,213,213,0,12.99,75.88
Pothole in Street Complaint,18,Montclare,2024,141,141,0,17.7,230.01
Pothole in Street Complaint,18,Montclare,2025,105,105,0,34.49,150.62
Pothole in Street Complaint,18,Montclare,2026,163,113,50,15.65,47.94
Pothole in Street Complaint,19,Belmont Cragin,2019,922,922,0,39.67,205.82
Pothole in Street Complaint,19,Belmont Cragin,2020,573,573,0,12.9,83.11
Pothole in Street Complaint,19,Belmont Cragin,2021,508,508,0,14.3,179.6
Pothole in Street Complaint,19,Belmont Cragin,2022,733,733,0,14.19,71.73
Pothole in Street Complaint,19,Belmont Cragin,2023,621,621,0,13.15,85.84
Pothole in Street Complaint,19,Belmont Cragin,2024,539,538,1,13.27,212.08
Pothole in Street Complaint,19,Belmont Cragin,2025,467,466,1,46.77,137.81
Pothole in Street Complaint,19,Belmont Cragin,2026,710,579,131,17.04,95.94
Pothole in Street Complaint,20,Hermosa,2019,236,236,0,55.05,225.85
Pothole in Street Complaint,20,Hermosa,2020,180,180,0,9.19,84.11
Pothole in Street Complaint,20,Hermosa,2021,157,157,0,9.02,132.56
Pothole in Street Complaint,20,Hermosa,2022,182,182,0,16.55,72.73
Pothole in Street Complaint,20,Hermosa,2023,172,172,0,11.97,104.73
Pothole in Street Complaint,20,Hermosa,2024,157,157,0,51.01,222.99
Pothole in Street Complaint,20,Hermosa,2025,127,127,0,36.09,136.37
Pothole in Street Complaint,20,Hermosa,2026,168,117,51,22.73,94.07
Pothole in Street Complaint,21,Avondale,2019,400,400,0,29.8,177.36
Pothole in Street Complaint,21,Avondale,2020,319,319,0,9.88,82.13
Pothole in Street Complaint,21,Avondale,2021,322,322,0,6.06,98.9
Pothole in Street Complaint,21,Avondale,2022,481,481,0,8.22,72.56
Pothole in Street Complaint,21,Avondale,2023,301,301,0,12.81,88.98
Pothole in Street Complaint,21,Avondale,2024,312,312,0,24.9,216.69
Pothole in Street Complaint,21,Avondale,2025,304,304,0,20.96,107.87
Pothole in Street Complaint,21,Avondale,2026,377,305,72,10.06,103.84
Pothole in Street Complaint,22,Logan Square,2019,907,907,0,29.87,179.33
Pothole in Street Complaint,22,Logan Square,2020,637,637,0,6.16,50.33
Pothole in Street Complaint,22,Logan Square,2021,555,555,0,7.07,103.05
Pothole in Street Complaint,22,Logan Square,2022,958,958,0,7.92,71.33
Pothole in Street Complaint,22,Logan Square,2023,672,672,0,7.88,50.74
Pothole in Street Complaint,22,Logan Square,2024,784,784,0,9.39,163.64
Pothole in Street Complaint,22,Logan Square,2025,547,547,0,23.83,120.61
Pothole in Street Complaint,22,Logan Square,2026,769,604,165,20.08,67.14
Pothole in Street Complaint,23,Humboldt Park,2019,604,604,0,44.0,183.81
Pothole in Street Complaint,23,Humboldt Park,2020,305,305,0,18.45,102.38
Pothole in Street Complaint,23,Humboldt Park,2021,350,350,0,22.91,134.85
Pothole in Street Complaint,23,Humboldt Park,2022,470,470,0,10.91,88.47
Pothole in Street Complaint,23,Humboldt Park,2023,340,340,0,15.57,64.03
Pothole in Street Complaint,23,Humboldt Park,2024,285,285,0,13.29,241.76
Pothole in Street Complaint,23,Humboldt Park,2025,256,256,0,45.07,150.8
Pothole in Street Complaint,23,Humboldt Park,2026,405,277,128,20.77,59.87
Pothole in Street Complaint,24,West Town,2019,1315,1315,0,33.07,161.09
Pothole in Street Complaint,24,West Town,2020,701,701,0,5.1,36.82
Pothole in Street Complaint,24,West Town,2021,772,772,0,8.97,75.82
Pothole in Street Complaint,24,West Town,2022,1296,1296,0,7.69,39.26
Pothole in Street Complaint,24,West Town,2023,909,909,0,7.74,52.34
Pothole in Street Complaint,24,West Town,2024,991,991,0,8.75,118.89
Pothole in Street Complaint,24,West Town,2025,757,756,1,26.97,106.89
Pothole in Street Complaint,24,West Town,2026,877,746,131,21.85,68.22
Pothole in Street Complaint,25,Austin,2019,1116,1116,0,53.18,194.27
Pothole in Street Complaint,25,Austin,2020,651,651,0,15.16,84.9
Pothole in Street Complaint,25,Austin,2021,716,715,1,28.05,157.27
Pothole in Street Complaint,25,Austin,2022,940,940,0,14.85,95.61
Pothole in Street Complaint,25,Austin,2023,734,734,0,13.67,91.38
Pothole in Street Complaint,25,Austin,2024,645,644,1,11.45,198.64
Pothole in Street Complaint,25,Austin,2025,448,448,0,42.78,143.28
Pothole in Street Complaint,25,Austin,2026,688,471,217,17.06,82.68
Pothole in Street Complaint,26,West Garfield Park,2019,213,213,0,38.83,188.45
Pothole in Street Complaint,26,West Garfield Park,2020,128,128,0,19.04,73.75
Pothole in Street Complaint,26,West Garfield Park,2021,130,130,0,7.02,150.08
Pothole in Street Complaint,26,West Garfield Park,2022,217,217,0,9.06,54.11
Pothole in Street Complaint,26,West Garfield Park,2023,216,216,0,6.65,31.9
Pothole in Street Complaint,26,West Garfield Park,2024,202,202,0,6.8,30.37
Pothole in Street Complaint,26,West Garfield Park,2025,126,126,0,40.01,133.05
Pothole in Street Complaint,26,West Garfield Park,2026,165,146,19,28.83,78.37
Pothole in Street Complaint,27,East Garfield Park,2019,290,290,0,40.17,175.3
Pothole in Street Complaint,27,East Garfield Park,2020,183,183,0,9.61,77.44
Pothole in Street Complaint,27,East Garfield Park,2021,249,249,0,26.62,123.62
Pothole in Street Complaint,27,East Garfield Park,2022,295,295,0,12.72,55.93
Pothole in Street Complaint,27,East Garfield Park,2023,306,306,0,9.79,55.64
Pothole in Street Complaint,27,East Garfield Park,2024,267,267,0,8.9,64.88
Pothole in Street Complaint,27,East Garfield Park,2025,158,158,0,38.78,134.76
Pothole in Street Complaint,27,East Garfield Park,2026,189,155,34,32.08,96.44
Pothole in Street Complaint,28,Near West Side,2019,1333,1333,0,31.09,169.82
Pothole in Street Complaint,28,Near West Side,2020,735,735,0,6.54,41.13
Pothole in Street Complaint,28,Near West Side,2021,764,764,0,5.01,77.83
Pothole in Street Complaint,28,Near West Side,2022,1221,1220,1,11.78,79.64
Pothole in Street Complaint,28,Near West Side,2023,954,954,0,7.53,48.44
Pothole in Street Complaint,28,Near West Side,2024,930,930,0,10.38,228.28
Pothole in Street Complaint,28,Near West Side,2025,614,614,0,27.85,132.68
Pothole in Street Complaint,28,Near West Side,2026,893,766,127,16.87,77.68
Pothole in Street Complaint,29,North Lawndale,2019,472,472,0,53.58,198.81
Pothole in Street Complaint,29,North Lawndale,2020,320,320,0,19.09,90.74
Pothole in Street Complaint,29,North Lawndale,2021,355,355,0,40.1,126.9
Pothole in Street Complaint,29,North Lawndale,2022,388,388,0,15.06,62.13
Pothole in Street Complaint,29,North Lawndale,2023,325,324,1,12.04,64.49
Pothole in Street Complaint,29,North Lawndale,2024,293,293,0,17.56,142.13
Pothole in Street Complaint,29,North Lawndale,2025,168,168,0,43.43,132.1
Pothole in Street Complaint,29,North Lawndale,2026,263,240,23,22.95,115.94
Pothole in Street Complaint,30,South Lawndale,2019,807,807,0,49.85,179.8
Pothole in Street Complaint,30,South Lawndale,2020,478,478,0,6.9,81.3
Pothole in Street Complaint,30,South Lawndale,2021,476,476,0,27.55,176.55
Pothole in Street Complaint,30,South Lawndale,2022,689,689,0,17.07,109.15
Pothole in Street Complaint,30,South Lawndale,2023,542,542,0,12.83,73.91
Pothole in Street Complaint,30,South Lawndale,2024,472,471,1,10.72,148.45
Pothole in Street Complaint,30,South Lawndale,2025,286,286,0,17.57,139.05
Pothole in Street Complaint,30,South Lawndale,2026,528,435,93,11.03,74.0
Pothole in Street Complaint,31,Lower West Side,2019,554,554,0,42.97,182.42
Pothole in Street Complaint,31,Lower West Side,2020,397,397,0,5.03,23.13
Pothole in Street Complaint,31,Lower West Side,2021,446,446,0,6.94,132.18
Pothole in Street Complaint,31,Lower West Side,2022,607,606,1,18.03,100.07
Pothole in Street Complaint,31,Lower West Side,2023,400,400,0,9.09,62.77
Pothole in Street Complaint,31,Lower West Side,2024,392,392,0,12.02,175.64
Pothole in Street Complaint,31,Lower West Side,2025,237,236,1,28.34,123.73
Pothole in Street Complaint,31,Lower West Side,2026,405,309,96,20.83,103.02
Pothole in Street Complaint,32,Loop,2019,484,484,0,5.73,25.65
Pothole in Street Complaint,32,Loop,2020,179,179,0,3.99,16.08
Pothole in Street Complaint,32,Loop,2021,260,260,0,1.7,5.84
Pothole in Street Complaint,32,Loop,2022,542,542,0,2.45,10.92
Pothole in Street Complaint,32,Loop,2023,555,554,1,2.76,10.98
Pothole in Street Complaint,32,Loop,2024,429,429,0,2.99,10.05
Pothole in Street Complaint,32,Loop,2025,331,328,3,5.83,13.89
Pothole in Street Complaint,32,Loop,2026,526,517,9,4.9,12.04
Pothole in Street Complaint,33,Near South Side,2019,266,266,0,12.84,133.91
Pothole in Street Complaint,33,Near South Side,2020,135,135,0,7.64,74.27
Pothole in Street Complaint,33,Near South Side,2021,173,173,0,6.09,39.73
Pothole in Street Complaint,33,Near South Side,2022,269,267,2,5.96,71.85
Pothole in Street Complaint,33,Near South Side,2023,215,215,0,8.22,65.92
Pothole in Street Complaint,33,Near South Side,2024,180,179,1,9.01,111.0
Pothole in Street Complaint,33,Near South Side,2025,122,121,1,15.88,109.69
Pothole in Street Complaint,33,Near South Side,2026,218,167,51,10.01,41.71
Pothole in Street Complaint,34,Armour Square,2019,159,159,0,22.88,127.99
Pothole in Street Complaint,34,Armour Square,2020,103,103,0,4.06,19.57
Pothole in Street Complaint,34,Armour Square,2021,97,97,0,3.85,111.38
Pothole in Street Complaint,34,Armour Square,2022,179,179,0,8.31,45.81
Pothole in Street Complaint,34,Armour Square,2023,127,127,0,6.93,51.33
Pothole in Street Complaint,34,Armour Square,2024,106,106,0,7.13,58.56
Pothole in Street Complaint,34,Armour Square,2025,95,95,0,12.95,71.61
Pothole in Street Complaint,34,Armour Square,2026,142,115,27,6.09,38.73
Pothole in Street Complaint,35,Douglas,2019,120,120,0,18.38,157.53
Pothole in Street Complaint,35,Douglas,2020,86,86,0,4.15,42.85
Pothole in Street Complaint,35,Douglas,2021,82,82,0,15.2,220.8
Pothole in Street Complaint,35,Douglas,2022,137,137,0,14.04,75.87
Pothole in Street Complaint,35,Douglas,2023,93,93,0,14.07,75.51
Pothole in Street Complaint,35,Douglas,2024,139,139,0,8.93,110.57
Pothole in Street Complaint,35,Douglas,2025,45,45,0,19.44,152.99
Pothole in Street Complaint,35,Douglas,2026,89,81,8,6.82,22.19
Pothole in Street Complaint,36,Oakland,2019,59,59,0,19.86,119.37
Pothole in Street Complaint,36,Oakland,2020,40,40,0,7.34,48.88
Pothole in Street Complaint,36,Oakland,2021,23,23,0,76.52,169.51
Pothole in Street Complaint,36,Oakland,2022,41,41,0,22.13,91.78
Pothole in Street Complaint,36,Oakland,2023,35,35,0,4.85,69.62
Pothole in Street Complaint,36,Oakland,2024,54,54,0,25.17,108.94
Pothole in Street Complaint,36,Oakland,2025,35,35,0,32.87,144.19
Pothole in Street Complaint,36,Oakland,2026,47,31,16,11.88,37.79
Pothole in Street Complaint,37,Fuller Park,2019,81,81,0,21.55,122.66
Pothole in Street Complaint,37,Fuller Park,2020,80,80,0,5.07,63.24
Pothole in Street Complaint,37,Fuller Park,2021,59,59,0,11.79,143.0
Pothole in Street Complaint,37,Fuller Park,2022,74,74,0,19.71,132.96
Pothole in Street Complaint,37,Fuller Park,2023,85,85,0,9.99,65.14
Pothole in Street Complaint,37,Fuller Park,2024,65,65,0,21.88,138.43
Pothole in Street Complaint,37,Fuller Park,2025,40,40,0,8.48,141.84
Pothole in Street Complaint,37,Fuller Park,2026,56,38,18,9.76,44.64
Pothole in Street Complaint,38,Grand Boulevard,2019,243,243,0,18.13,124.05
Pothole in Street Complaint,38,Grand Boulevard,2020,152,152,0,6.18,43.84
Pothole in Street Complaint,38,Grand Boulevard,2021,111,111,0,8.16,126.15
Pothole in Street Complaint,38,Grand Boulevard,2022,169,169,0,15.34,104.02
Pothole in Street Complaint,38,Grand Boulevard,2023,128,128,0,10.0,91.67
Pothole in Street Complaint,38,Grand Boulevard,2024,136,136,0,12.44,97.4
Pothole in Street Complaint,38,Grand Boulevard,2025,87,87,0,27.45,149.4
Pothole in Street Complaint,38,Grand Boulevard,2026,103,86,17,8.79,32.48
Pothole in Street Complaint,39,Kenwood,2019,155,155,0,29.14,124.16
Pothole in Street Complaint,39,Kenwood,2020,100,100,0,10.98,74.43
Pothole in Street Complaint,39,Kenwood,2021,80,80,0,38.42,211.34
Pothole in Street Complaint,39,Kenwood,2022,138,138,0,22.99,93.25
Pothole in Street Complaint,39,Kenwood,2023,103,103,0,9.77,95.5
Pothole in Street Complaint,39,Kenwood,2024,102,102,0,11.98,129.22
Pothole in Street Complaint,39,Kenwood,2025,70,70,0,21.41,122.17
Pothole in Street Complaint,39,Kenwood,2026,111,69,42,7.65,39.38
Pothole in Street Complaint,40,Washington Park,2019,146,146,0,12.85,70.56
Pothole in Street Complaint,40,Washington Park,2020,95,95,0,3.81,30.76
Pothole in Street Complaint,40,Washington Park,2021,83,83,0,4.87,139.5
Pothole in Street Complaint,40,Washington Park,2022,186,186,0,8.74,64.45
Pothole in Street Complaint,40,Washington Park,2023,148,148,0,6.52,63.14
Pothole in Street Complaint,40,Washington Park,2024,152,152,0,7.2,63.84
Pothole in Street Complaint,40,Washington Park,2025,90,90,0,26.35,140.14
Pothole in Street Complaint,40,Washington Park,2026,129,121,8,9.85,29.74
Pothole in Street Complaint,41,Hyde Park,2019,327,327,0,17.26,85.87
Pothole in Street Complaint,41,Hyde Park,2020,121,121,0,4.03,18.18
Pothole in Street Complaint,41,Hyde Park,2021,118,118,0,8.03,112.43
Pothole in Street Complaint,41,Hyde Park,2022,305,305,0,23.27,134.4
Pothole in Street Complaint,41,Hyde Park,2023,198,198,0,17.52,81.33
Pothole in Street Complaint,41,Hyde Park,2024,208,207,1,11.72,128.89
Pothole in Street Complaint,41,Hyde Park,2025,162,162,0,21.03,122.92
Pothole in Street Complaint,41,Hyde Park,2026,222,138,84,7.93,31.45
Pothole in Street Complaint,42,Woodlawn,2019,271,271,0,23.28,146.1
Pothole in Street Complaint,42,Woodlawn,2020,198,198,0,6.11,29.73
Pothole in Street Complaint,42,Woodlawn,2021,185,185,0,30.12,142.72
Pothole in Street Complaint,42,Woodlawn,2022,404,404,0,12.83,65.05
Pothole in Street Complaint,42,Woodlawn,2023,269,269,0,10.74,58.15
Pothole in Street Complaint,42,Woodlawn,2024,215,214,1,10.17,176.31
Pothole in Street Complaint,42,Woodlawn,2025,179,179,0,13.11,153.17
Pothole in Street Complaint,42,Woodlawn,2026,235,163,72,7.86,36.31
Pothole in Street Complaint,43,South Shore,2019,498,498,0,15.1,76.44
Pothole in Street Complaint,43,South Shore,2020,282,282,0,3.89,13.87
Pothole in Street Complaint,43,South Shore,2021,265,265,0,6.92,86.39
Pothole in Street Complaint,43,South Shore,2022,543,542,1,17.93,109.85
Pothole in Street Complaint,43,South Shore,2023,357,357,0,6.13,41.64
Pothole in Street Complaint,43,South Shore,2024,449,449,0,8.17,152.01
Pothole in Street Complaint,43,South Shore,2025,302,302,0,10.98,101.0
Pothole in Street Complaint,43,South Shore,2026,266,210,56,5.19,25.06
Pothole in Street Complaint,44,Chatham,2019,494,494,0,24.84,127.9
Pothole in Street Complaint,44,Chatham,2020,306,306,0,4.91,30.36
Pothole in Street Complaint,44,Chatham,2021,249,249,0,15.19,182.98
Pothole in Street Complaint,44,Chatham,2022,394,394,0,23.26,100.99
Pothole in Street Complaint,44,Chatham,2023,273,273,0,4.98,14.16
Pothole in Street Complaint,44,Chatham,2024,245,245,0,10.01,184.31
Pothole in Street Complaint,44,Chatham,2025,241,241,0,7.86,43.04
Pothole in Street Complaint,44,Chatham,2026,222,200,22,4.95,20.11
Pothole in Street Complaint,45,Avalon Park,2019,194,194,0,15.85,60.43
Pothole in Street Complaint,45,Avalon Park,2020,124,124,0,4.02,12.24
Pothole in Street Complaint,45,Avalon Park,2021,98,98,0,9.23,108.97
Pothole in Street Complaint,45,Avalon Park,2022,160,160,0,21.55,111.01
Pothole in Street Complaint,45,Avalon Park,2023,101,101,0,5.07,12.61
Pothole in Street Complaint,45,Avalon Park,2024,111,111,0,7.13,78.94
Pothole in Street Complaint,45,Avalon Park,2025,81,81,0,6.98,23.99
Pothole in Street Complaint,45,Avalon Park,2026,68,60,8,4.58,13.03
Pothole in Street Complaint,46,South Chicago,2019,333,333,0,14.97,83.76
Pothole in Street Complaint,46,South Chicago,2020,281,281,0,4.14,20.99
Pothole in Street Complaint,46,South Chicago,2021,225,225,0,7.07,62.55
Pothole in Street Complaint,46,South Chicago,2022,344,344,0,13.03,100.81
Pothole in Street Complaint,46,South Chicago,2023,268,268,0,5.09,13.03
Pothole in Street Complaint,46,South Chicago,2024,347,347,0,8.03,129.93
Pothole in Street Complaint,46,South Chicago,2025,223,223,0,6.95,63.07
Pothole in Street Complaint,46,South Chicago,2026,165,132,33,5.97,19.97
Pothole in Street Complaint,47,Burnside,2019,89,89,0,13.98,87.07
Pothole in Street Complaint,47,Burnside,2020,38,38,0,5.21,10.93
Pothole in Street Complaint,47,Burnside,2021,39,39,0,3.2,59.74
Pothole in Street Complaint,47,Burnside,2022,67,67,0,28.93,81.73
Pothole in Street Complaint,47,Burnside,2023,48,48,0,4.49,7.98
Pothole in Street Complaint,47,Burnside,2024,48,48,0,6.36,159.15
Pothole in Street Complaint,47,Burnside,2025,44,44,0,10.87,54.9
Pothole in Street Complaint,47,Burnside,2026,22,20,2,4.16,23.1
Pothole in Street Complaint,48,Calumet Heights,2019,305,305,0,15.11,68.66
Pothole in Street Complaint,48,Calumet Heights,2020,213,213,0,3.05,8.77
Pothole in Street Complaint,48,Calumet Heights,2021,202,202,0,8.42,78.01
Pothole in Street Complaint,48,Calumet Heights,2022,326,326,0,19.04,109.1
Pothole in Street Complaint,48,Calumet Heights,2023,163,163,0,5.27,12.2
Pothole in Street Complaint,48,Calumet Heights,2024,170,170,0,10.4,107.59
Pothole in Street Complaint,48,Calumet Heights,2025,163,163,0,5.41,49.87
Pothole in Street Complaint,48,Calumet Heights,2026,123,106,17,5.28,14.88
Pothole in Street Complaint,49,Roseland,2019,704,704,0,16.98,96.12
Pothole in Street Complaint,49,Roseland,2020,406,406,0,3.91,17.61
Pothole in Street Complaint,49,Roseland,2021,329,329,0,6.16,102.12
Pothole in Street Complaint,49,Roseland,2022,500,500,0,21.72,90.81
Pothole in Street Complaint,49,Roseland,2023,418,418,0,4.99,13.7
Pothole in Street Complaint,49,Roseland,2024,404,404,0,9.21,125.0
Pothole in Street Complaint,49,Roseland,2025,322,322,0,6.0,21.83
Pothole in Street Complaint,49,Roseland,2026,287,242,45,4.89,18.23
Pothole in Street Complaint,50,Pullman,2019,149,149,0,25.9,108.66
Pothole in Street Complaint,50,Pullman,2020,73,73,0,4.0,8.43
Pothole in Street Complaint,50,Pullman,2021,82,82,0,4.96,118.52
Pothole in Street Complaint,50,Pullman,2022,133,133,0,12.01,61.31
Pothole in Street Complaint,50,Pullman,2023,96,96,0,5.02,11.7
Pothole in Street Complaint,50,Pullman,2024,104,104,0,19.91,161.6
Pothole in Street Complaint,50,Pullman,2025,63,63,0,6.58,104.38
Pothole in Street Complaint,50,Pullman,2026,77,65,12,6.06,19.23
Pothole in Street Complaint,51,South Deering,2019,353,353,0,18.24,78.27
Pothole in Street Complaint,51,South Deering,2020,271,271,0,4.89,31.21
Pothole in Street Complaint,51,South Deering,2021,203,203,0,6.95,44.94
Pothole in Street Complaint,51,South Deering,2022,291,291,0,15.21,91.82
Pothole in Street Complaint,51,South Deering,2023,258,258,0,5.94,19.06
Pothole in Street Complaint,51,South Deering,2024,214,214,0,12.83,124.63
Pothole in Street Complaint,51,South Deering,2025,218,218,0,5.9,66.97
Pothole in Street Complaint,51,South Deering,2026,170,144,26,5.96,19.4
Pothole in Street Complaint,52,East Side,2019,354,354,0,20.16,77.87
Pothole in Street Complaint,52,East Side,2020,230,230,0,3.85,41.03
Pothole in Street Complaint,52,East Side,2021,231,231,0,8.71,65.79
Pothole in Street Complaint,52,East Side,2022,343,343,0,22.94,68.8
Pothole in Street Complaint,52,East Side,2023,181,181,0,4.75,16.14
Pothole in Street Complaint,52,East Side,2024,150,150,0,8.16,127.11
Pothole in Street Complaint,52,East Side,2025,168,168,0,5.06,29.04
Pothole in Street Complaint,52,East Side,2026,98,96,2,4.14,12.69
Pothole in Street Complaint,53,West Pullman,2019,530,530,0,21.21,80.84
Pothole in Street Complaint,53,West Pullman,2020,240,240,0,4.19,32.98
Pothole in Street Complaint,53,West Pullman,2021,241,241,0,10.04,78.8
Pothole in Street Complaint,53,West Pullman,2022,407,407,0,15.05,96.0
Pothole in Street Complaint,53,West Pullman,2023,322,322,0,6.02,13.88
Pothole in Street Complaint,53,West Pullman,2024,335,334,1,10.43,163.13
Pothole in Street Complaint,53,West Pullman,2025,278,277,1,7.12,31.15
Pothole in Street Complaint,53,West Pullman,2026,289,260,29,5.81,19.02
Pothole in Street Complaint,54,Riverdale,2019,134,134,0,28.19,120.91
Pothole in Street Complaint,54,Riverdale,2020,72,72,0,3.26,30.63
Pothole in Street Complaint,54,Riverdale,2021,56,56,0,5.14,70.56
Pothole in Street Complaint,54,Riverdale,2022,98,98,0,19.49,159.1
Pothole in Street Complaint,54,Riverdale,2023,70,70,0,6.15,24.19
Pothole in Street Complaint,54,Riverdale,2024,70,70,0,37.38,183.13
Pothole in Street Complaint,54,Riverdale,2025,45,45,0,14.1,109.6
Pothole in Street Complaint,54,Riverdale,2026,61,52,9,7.7,23.09
Pothole in Street Complaint,55,Hegewisch,2019,226,226,0,20.75,84.44
Pothole in Street Complaint,55,Hegewisch,2020,162,162,0,4.97,63.52
Pothole in Street Complaint,55,Hegewisch,2021,161,161,0,10.89,31.21
Pothole in Street Complaint,55,Hegewisch,2022,200,200,0,30.01,159.06
Pothole in Street Complaint,55,Hegewisch,2023,154,154,0,4.26,14.91
Pothole in Street Complaint,55,Hegewisch,2024,185,185,0,12.0,152.87
Pothole in Street Complaint,55,Hegewisch,2025,148,147,1,11.02,91.5
Pothole in Street Complaint,55,Hegewisch,2026,121,115,6,6.43,26.21
Pothole in Street Complaint,56,Garfield Ridge,2019,788,788,0,11.96,121.34
Pothole in Street Complaint,56,Garfield Ridge,2020,644,644,0,3.63,21.81
Pothole in Street Complaint,56,Garfield Ridge,2021,471,471,0,17.02,86.25
Pothole in Street Complaint,56,Garfield Ridge,2022,797,797,0,6.85,33.99
Pothole in Street Complaint,56,Garfield Ridge,2023,625,625,0,5.85,42.95
Pothole in Street Complaint,56,Garfield Ridge,2024,527,527,0,4.06,69.48
Pothole in Street Complaint,56,Garfield Ridge,2025,405,405,0,7.79,71.1
Pothole in Street Complaint,56,Garfield Ridge,2026,473,391,82,6.28,25.28
Pothole in Street Complaint,57,Archer Heights,2019,251,251,0,19.79,128.88
Pothole in Street Complaint,57,Archer Heights,2020,211,211,0,2.8,12.65
Pothole in Street Complaint,57,Archer Heights,2021,183,183,0,19.05,124.37
Pothole in Street Complaint,57,Archer Heights,2022,360,360,0,7.67,42.94
Pothole in Street Complaint,57,Archer Heights,2023,333,333,0,8.01,28.97
Pothole in Street Complaint,57,Archer Heights,2024,208,208,0,3.2,58.73
Pothole in Street Complaint,57,Archer Heights,2025,146,146,0,6.03,116.5
Pothole in Street Complaint,57,Archer Heights,2026,196,172,24,7.79,63.02
Pothole in Street Complaint,58,Brighton Park,2019,538,538,0,14.13,89.11
Pothole in Street Complaint,58,Brighton Park,2020,507,507,0,3.13,26.98
Pothole in Street Complaint,58,Brighton Park,2021,382,382,0,4.09,69.13
Pothole in Street Complaint,58,Brighton Park,2022,597,597,0,7.86,60.64
Pothole in Street Complaint,58,Brighton Park,2023,502,502,0,5.12,55.03
Pothole in Street Complaint,58,Brighton Park,2024,355,355,0,6.91,143.45
Pothole in Street Complaint,58,Brighton Park,2025,251,251,0,12.04,88.96
Pothole in Street Complaint,58,Brighton Park,2026,347,286,61,6.92,45.6
Pothole in Street Complaint,59,McKinley Park,2019,246,246,0,14.15,113.02
Pothole in Street Complaint,59,McKinley Park,2020,274,274,0,2.84,19.68
Pothole in Street Complaint,59,McKinley Park,2021,196,196,0,5.83,58.01
Pothole in Street Complaint,59,McKinley Park,2022,407,407,0,7.22,35.1
Pothole in Street Complaint,59,McKinley Park,2023,277,277,0,3.15,36.36
Pothole in Street Complaint,59,McKinley Park,2024,177,177,0,8.14,127.06
Pothole in Street Complaint,59,McKinley Park,2025,149,149,0,11.8,82.5
Pothole in Street Complaint,59,McKinley Park,2026,224,197,27,5.72,22.85
Pothole in Street Complaint,60,Bridgeport,2019,340,340,0,12.93,121.0
Pothole in Street Complaint,60,Bridgeport,2020,354,354,0,2.95,10.07
Pothole in Street Complaint,60,Bridgeport,2021,289,289,0,4.28,116.01
Pothole in Street Complaint,60,Bridgeport,2022,470,470,0,7.96,58.84
Pothole in Street Complaint,60,Bridgeport,2023,373,373,0,4.65,45.05
Pothole in Street Complaint,60,Bridgeport,2024,306,306,0,4.59,52.29
Pothole in Street Complaint,60,Bridgeport,2025,223,222,1,13.71,56.06
Pothole in Street Complaint,60,Bridgeport,2026,336,298,38,6.09,30.96
Pothole in Street Complaint,61,New City,2019,562,562,0,29.0,146.52
Pothole in Street Complaint,61,New City,2020,583,583,0,3.01,38.8
Pothole in Street Complaint,61,New City,2021,298,298,0,12.84,171.56
Pothole in Street Complaint,61,New City,2022,737,737,0,14.96,112.48
Pothole in Street Complaint,61,New City,2023,450,450,0,9.25,61.89
Pothole in Street Complaint,61,New City,2024,457,457,0,21.89,151.99
Pothole in Street Complaint,61,New City,2025,264,264,0,16.79,134.53
Pothole in Street Complaint,61,New City,2026,340,207,133,9.0,117.8
Pothole in Street Complaint,62,West Elsdon,2019,401,401,0,8.04,104.93
Pothole in Street Complaint,62,West Elsdon,2020,311,311,0,5.68,41.14
Pothole in Street Complaint,62,West Elsdon,2021,216,216,0,27.45,166.43
Pothole in Street Complaint,62,West Elsdon,2022,362,362,0,8.04,73.96
Pothole in Street Complaint,62,West Elsdon,2023,289,289,0,9.95,62.33
Pothole in Street Complaint,62,West Elsdon,2024,253,253,0,7.02,110.18
Pothole in Street Complaint,62,West Elsdon,2025,185,185,0,11.91,122.5
Pothole in Street Complaint,62,West Elsdon,2026,245,179,66,6.46,51.23
Pothole in Street Complaint,63,Gage Park,2019,417,417,0,22.83,139.75
Pothole in Street Complaint,63,Gage Park,2020,448,448,0,3.92,49.28
Pothole in Street Complaint,63,Gage Park,2021,289,289,0,25.95,168.02
Pothole in Street Complaint,63,Gage Park,2022,672,672,0,11.98,82.27
Pothole in Street Complaint,63,Gage Park,2023,585,585,0,8.82,58.91
Pothole in Street Complaint,63,Gage Park,2024,416,415,1,10.6,102.12
Pothole in Street Complaint,63,Gage Park,2025,294,294,0,9.95,122.71
Pothole in Street Complaint,63,Gage Park,2026,361,310,51,9.84,50.21
Pothole in Street Complaint,64,Clearing,2019,589,589,0,6.96,77.95
Pothole in Street Complaint,64,Clearing,2020,514,514,0,4.87,19.79
Pothole in Street Complaint,64,Clearing,2021,310,310,0,14.06,141.91
Pothole in Street Complaint,64,Clearing,2022,472,472,0,7.76,58.92
Pothole in Street Complaint,64,Clearing,2023,477,477,0,6.19,53.25
Pothole in Street Complaint,64,Clearing,2024,400,400,0,5.94,125.68
Pothole in Street Complaint,64,Clearing,2025,278,278,0,10.95,90.07
Pothole in Street Complaint,64,Clearing,2026,353,282,71,6.79,35.05
Pothole in Street Complaint,65,West Lawn,2019,790,790,0,10.0,125.27
Pothole in Street Complaint,65,West Lawn,2020,591,591,0,4.18,39.1
Pothole in Street Complaint,65,West Lawn,2021,553,553,0,13.3,150.66
Pothole in Street Complaint,65,West Lawn,2022,635,635,0,13.59,89.12
Pothole in Street Complaint,65,West Lawn,2023,439,439,0,6.99,63.06
Pothole in Street Complaint,65,West Lawn,2024,428,428,0,9.1,128.12
Pothole in Street Complaint,65,West Lawn,2025,278,278,0,12.05,120.71
Pothole in Street Complaint,65,West Lawn,2026,437,356,81,10.03,62.36
Pothole in Street Complaint,66,Chicago Lawn,2019,707,707,0,25.3,131.04
Pothole in Street Complaint,66,Chicago Lawn,2020,601,601,0,4.48,64.84
Pothole in Street Complaint,66,Chicago Lawn,2021,428,428,0,14.05,172.87
Pothole in Street Complaint,66,Chicago Lawn,2022,851,850,1,12.0,91.26
Pothole in Street Complaint,66,Chicago Lawn,2023,701,701,0,7.06,51.73
Pothole in Street Complaint,66,Chicago Lawn,2024,511,511,0,9.97,121.09
Pothole in Street Complaint,66,Chicago Lawn,2025,400,399,1,11.04,110.02
Pothole in Street Complaint,66,Chicago Lawn,2026,580,427,153,7.11,39.46
Pothole in Street Complaint,67,West Englewood,2019,488,488,0,13.68,100.04
Pothole in Street Complaint,67,West Englewood,2020,492,492,0,2.93,19.87
Pothole in Street Complaint,67,West Englewood,2021,296,296,0,6.93,86.08
Pothole in Street Complaint,67,West Englewood,2022,603,603,0,6.81,59.76
Pothole in Street Complaint,67,West Englewood,2023,355,355,0,4.99,48.89
Pothole in Street Complaint,67,West Englewood,2024,311,310,1,14.27,112.98
Pothole in Street Complaint,67,West Englewood,2025,258,258,0,11.04,111.22
Pothole in Street Complaint,67,West Englewood,2026,274,216,58,6.94,23.35
Pothole in Street Complaint,68,Englewood,2019,367,367,0,24.24,126.48
Pothole in Street Complaint,68,Englewood,2020,330,330,0,4.04,60.71
Pothole in Street Complaint,68,Englewood,2021,259,259,0,11.01,163.46
Pothole in Street Complaint,68,Englewood,2022,401,401,0,13.1,113.15
Pothole in Street Complaint,68,Englewood,2023,334,334,0,5.96,45.33
Pothole in Street Complaint,68,Englewood,2024,268,268,0,8.99,107.7
Pothole in Street Complaint,68,Englewood,2025,170,170,0,9.66,107.41
Pothole in Street Complaint,68,Englewood,2026,197,147,50,8.07,47.07
Pothole in Street Complaint,69,Greater Grand Crossing,2019,451,451,0,24.1,120.15
Pothole in Street Complaint,69,Greater Grand Crossing,2020,336,336,0,5.07,21.97
Pothole in Street Complaint,69,Greater Grand Crossing,2021,276,276,0,13.66,161.99
Pothole in Street Complaint,69,Greater Grand Crossing,2022,392,392,0,16.0,87.04
Pothole in Street Complaint,69,Greater Grand Crossing,2023,314,314,0,5.65,20.11
Pothole in Street Complaint,69,Greater Grand Crossing,2024,331,331,0,10.57,127.1
Pothole in Street Complaint,69,Greater Grand Crossing,2025,217,217,0,6.91,35.39
Pothole in Street Complaint,69,Greater Grand Crossing,2026,355,296,59,5.16,16.34
Pothole in Street Complaint,70,Ashburn,2019,908,908,0,19.06,130.95
Pothole in Street Complaint,70,Ashburn,2020,1334,1334,0,1.97,18.07
Pothole in Street Complaint,70,Ashburn,2021,841,841,0,15.19,128.83
Pothole in Street Complaint,70,Ashburn,2022,1391,1391,0,7.16,48.85
Pothole in Street Complaint,70,Ashburn,2023,951,951,0,4.86,34.79
Pothole in Street Complaint,70,Ashburn,2024,681,681,0,7.09,116.87
Pothole in Street Complaint,70,Ashburn,2025,663,663,0,8.81,101.9
Pothole in Street Complaint,70,Ashburn,2026,706,580,126,6.82,35.01
Pothole in Street Complaint,71,Auburn Gresham,2019,743,743,0,13.22,70.68
Pothole in Street Complaint,71,Auburn Gresham,2020,437,437,0,3.83,12.79
Pothole in Street Complaint,71,Auburn Gresham,2021,478,478,0,6.9,89.94
Pothole in Street Complaint,71,Auburn Gresham,2022,749,749,0,10.87,82.45
Pothole in Street Complaint,71,Auburn Gresham,2023,461,461,0,5.21,15.68
Pothole in Street Complaint,71,Auburn Gresham,2024,450,450,0,8.75,102.35
Pothole in Street Complaint,71,Auburn Gresham,2025,349,349,0,7.21,39.7
Pothole in Street Complaint,71,Auburn Gresham,2026,452,422,30,5.26,25.24
Pothole in Street Complaint,72,Beverly,2019,411,411,0,17.05,122.89
Pothole in Street Complaint,72,Beverly,2020,302,302,0,5.25,27.03
Pothole in Street Complaint,72,Beverly,2021,321,321,0,6.13,86.22
Pothole in Street Complaint,72,Beverly,2022,504,504,0,11.08,46.12
Pothole in Street Complaint,72,Beverly,2023,316,316,0,5.99,20.96
Pothole in Street Complaint,72,Beverly,2024,242,242,0,9.73,78.94
Pothole in Street Complaint,72,Beverly,2025,212,211,1,6.67,68.05
Pothole in Street Complaint,72,Beverly,2026,209,191,18,9.1,33.99
Pothole in Street Complaint,73,Washington Heights,2019,432,432,0,22.64,96.51
Pothole in Street Complaint,73,Washington Heights,2020,249,249,0,4.21,14.14
Pothole in Street Complaint,73,Washington Heights,2021,295,295,0,7.83,73.49
Pothole in Street Complaint,73,Washington Heights,2022,486,486,0,23.87,102.27
Pothole in Street Complaint,73,Washington Heights,2023,299,299,0,5.11,14.78
Pothole in Street Complaint,73,Washington Heights,2024,309,308,1,10.11,143.9
Pothole in Street Complaint,73,Washington Heights,2025,225,225,0,6.03,43.79
Pothole in Street Complaint,73,Washington Heights,2026,212,181,31,6.02,21.37
Pothole in Street Complaint,74,Mount Greenwood,2019,476,476,0,15.5,78.61
Pothole in Street Complaint,74,Mount Greenwood,2020,307,307,0,2.84,19.94
Pothole in Street Complaint,74,Mount Greenwood,2021,301,301,0,5.29,82.23
Pothole in Street Complaint,74,Mount Greenwood,2022,416,416,0,14.09,50.05
Pothole in Street Complaint,74,Mount Greenwood,2023,278,278,0,5.93,20.93
Pothole in Street Complaint,74,Mount Greenwood,2024,257,257,0,4.75,44.89
Pothole in Street Complaint,74,Mount Greenwood,2025,277,277,0,6.01,34.75
Pothole in Street Complaint,74,Mount Greenwood,2026,262,250,12,4.78,13.02
Pothole in Street Complaint,75,Morgan Park,2019,538,538,0,19.93,89.04
Pothole in Street Complaint,75,Morgan Park,2020,321,321,0,4.28,31.92
Pothole in Street Complaint,75,Morgan Park,2021,295,295,0,8.07,78.57
Pothole in Street Complaint,75,Morgan Park,2022,494,494,0,13.15,49.67
Pothole in Street Complaint,75,Morgan Park,2023,317,317,0,5.93,21.49
Pothole in Street Complaint,75,Morgan Park,2024,300,300,0,10.79,106.57
Pothole in Street Complaint,75,Morgan Park,2025,284,284,0,7.66,91.36
Pothole in Street Complaint,75,Morgan Park,2026,219,196,23,5.72,33.9
Pothole in Street Complaint,76,O'Hare,2019,129,129,0,36.84,167.25
Pothole in Street Complaint,76,O'Hare,2020,72,72,0,21.99,143.32
Pothole in Street Complaint,76,O'Hare,2021,98,98,0,37.93,233.02
Pothole in Street Complaint,76,O'Hare,2022,123,123,0,20.68,106.91
Pothole in Street Complaint,76,O'Hare,2023,106,106,0,13.87,105.12
Pothole in Street Complaint,76,O'Hare,2024,106,106,0,12.5,226.3
Pothole in Street Complaint,76,O'Hare,2025,86,86,0,53.64,170.65
Pothole in Street Complaint,76,O'Hare,2026,150,108,42,14.24,100.54
Pothole in Street Complaint,77,Edgewater,2019,624,624,0,22.08,151.58
Pothole in Street Complaint,77,Edgewater,2020,453,453,0,9.16,104.9
Pothole in Street Complaint,77,Edgewater,2021,380,380,0,12.88,68.85
Pothole in Street Complaint,77,Edgewater,2022,455,455,0,7.13,72.67
Pothole in Street Complaint,77,Edgewater,2023,460,460,0,5.06,30.18
Pothole in Street Complaint,77,Edgewater,2024,591,591,0,3.44,26.73
Pothole in Street Complaint,77,Edgewater,2025,444,444,0,7.03,49.79
Pothole in Street Complaint,77,Edgewater,2026,522,467,55,6.6,27.96
Rodent Baiting/Rat Complaint,1,Rogers Park,2019,725,725,0,2.99,6.91
Rodent Baiting/Rat Complaint,1,Rogers Park,2020,955,955,0,4.82,13.6
Rodent Baiting/Rat Complaint,1,Rogers Park,2021,1037,1037,0,9.08,19.01
Rodent Baiting/Rat Complaint,1,Rogers Park,2022,950,950,0,4.74,14.75
Rodent Baiting/Rat Complaint,1,Rogers Park,2023,942,942,0,5.02,21.97
Rodent Baiting/Rat Complaint,1,Rogers Park,2024,775,775,0,3.99,10.31
Rodent Baiting/Rat Complaint,1,Rogers Park,2025,885,885,0,3.42,10.03
Rodent Baiting/Rat Complaint,1,Rogers Park,2026,684,657,27,3.63,12.68
Rodent Baiting/Rat Complaint,2,West Ridge,2019,1049,1049,0,2.17,6.66
Rodent Baiting/Rat Complaint,2,West Ridge,2020,1455,1455,0,6.72,11.67
Rodent Baiting/Rat Complaint,2,West Ridge,2021,1606,1606,0,7.84,20.49
Rodent Baiting/Rat Complaint,2,West Ridge,2022,1261,1261,0,6.75,14.74
Rodent Baiting/Rat Complaint,2,West Ridge,2023,1212,1212,0,5.63,19.72
Rodent Baiting/Rat Complaint,2,West Ridge,2024,1242,1242,0,3.73,9.89
Rodent Baiting/Rat Complaint,2,West Ridge,2025,1006,1006,0,3.06,9.61
Rodent Baiting/Rat Complaint,2,West Ridge,2026,904,865,39,3.59,11.95
Rodent Baiting/Rat Complaint,3,Uptown,2019,423,423,0,2.94,6.86
Rodent Baiting/Rat Complaint,3,Uptown,2020,508,508,0,4.94,11.9
Rodent Baiting/Rat Complaint,3,Uptown,2021,640,640,0,4.92,21.8
Rodent Baiting/Rat Complaint,3,Uptown,2022,622,622,0,7.57,20.7
Rodent Baiting/Rat Complaint,3,Uptown,2023,624,624,0,6.76,21.03
Rodent Baiting/Rat Complaint,3,Uptown,2024,579,579,0,3.14,9.43
Rodent Baiting/Rat Complaint,3,Uptown,2025,566,566,0,3.15,9.65
Rodent Baiting/Rat Complaint,3,Uptown,2026,568,523,45,2.83,13.01
Rodent Baiting/Rat Complaint,4,Lincoln Square,2019,455,455,0,2.58,6.73
Rodent Baiting/Rat Complaint,4,Lincoln Square,2020,790,790,0,7.02,12.11
Rodent Baiting/Rat Complaint,4,Lincoln Square,2021,858,858,0,9.79,23.14
Rodent Baiting/Rat Complaint,4,Lincoln Square,2022,680,680,0,11.11,18.7
Rodent Baiting/Rat Complaint,4,Lincoln Square,2023,807,807,0,6.7,22.05
Rodent Baiting/Rat Complaint,4,Lincoln Square,2024,844,844,0,4.71,11.2
Rodent Baiting/Rat Complaint,4,Lincoln Square,2025,848,848,0,3.79,10.9
Rodent Baiting/Rat Complaint,4,Lincoln Square,2026,853,804,49,4.02,13.13
Rodent Baiting/Rat Complaint,5,North Center,2019,459,459,0,2.97,7.19
Rodent Baiting/Rat Complaint,5,North Center,2020,949,949,0,7.94,12.57
Rodent Baiting/Rat Complaint,5,North Center,2021,1111,1111,0,11.07,24.9
Rodent Baiting/Rat Complaint,5,North Center,2022,746,746,0,7.96,18.25
Rodent Baiting/Rat Complaint,5,North Center,2023,906,904,2,6.2,22.59
Rodent Baiting/Rat Complaint,5,North Center,2024,723,723,0,4.69,12.06
Rodent Baiting/Rat Complaint,5,North Center,2025,895,895,0,4.6,11.59
Rodent Baiting/Rat Complaint,5,North Center,2026,773,745,28,3.92,13.47
Rodent Baiting/Rat Complaint,6,Lake View,2019,1847,1847,0,2.84,6.81
Rodent Baiting/Rat Complaint,6,Lake View,2020,2083,2083,0,4.67,11.69
Rodent Baiting/Rat Complaint,6,Lake View,2021,2313,2313,0,10.12,23.07
Rodent Baiting/Rat Complaint,6,Lake View,2022,1807,1807,0,8.72,17.77
Rodent Baiting/Rat Complaint,6,Lake View,2023,2063,2063,0,8.95,22.92
Rodent Baiting/Rat Complaint,6,Lake View,2024,1798,1798,0,3.98,11.1
Rodent Baiting/Rat Complaint,6,Lake View,2025,1838,1838,0,3.79,11.09
Rodent Baiting/Rat Complaint,6,Lake View,2026,1487,1405,82,4.43,12.86
Rodent Baiting/Rat Complaint,7,Lincoln Park,2019,869,869,0,2.15,6.18
Rodent Baiting/Rat Complaint,7,Lincoln Park,2020,955,955,0,4.12,11.31
Rodent Baiting/Rat Complaint,7,Lincoln Park,2021,1082,1082,0,7.05,21.87
Rodent Baiting/Rat Complaint,7,Lincoln Park,2022,1190,1190,0,8.15,16.89
Rodent Baiting/Rat Complaint,7,Lincoln Park,2023,1302,1302,0,6.03,21.11
Rodent Baiting/Rat Complaint,7,Lincoln Park,2024,1308,1308,0,4.68,10.93
Rodent Baiting/Rat Complaint,7,Lincoln Park,2025,1316,1316,0,3.76,10.94
Rodent Baiting/Rat Complaint,7,Lincoln Park,2026,1092,1045,47,3.88,12.96
Rodent Baiting/Rat Complaint,8,Near North Side,2019,255,255,0,2.58,6.08
Rodent Baiting/Rat Complaint,8,Near North Side,2020,361,361,0,4.46,12.42
Rodent Baiting/Rat Complaint,8,Near North Side,2021,524,524,0,8.11,22.09
Rodent Baiting/Rat Complaint,8,Near North Side,2022,535,535,0,4.83,16.97
Rodent Baiting/Rat Complaint,8,Near North Side,2023,702,702,0,4.11,15.87
Rodent Baiting/Rat Complaint,8,Near North Side,2024,472,472,0,3.9,8.64
Rodent Baiting/Rat Complaint,8,Near North Side,2025,475,475,0,2.06,8.78
Rodent Baiting/Rat Complaint,8,Near North Side,2026,338,333,5,2.93,10.86
Rodent Baiting/Rat Complaint,9,Edison Park,2019,43,43,0,2.87,5.52
Rodent Baiting/Rat Complaint,9,Edison Park,2020,44,44,0,6.4,10.55
Rodent Baiting/Rat Complaint,9,Edison Park,2021,120,120,0,11.37,18.0
Rodent Baiting/Rat Complaint,9,Edison Park,2022,159,159,0,9.86,16.38
Rodent Baiting/Rat Complaint,9,Edison Park,2023,295,295,0,6.43,21.95
Rodent Baiting/Rat Complaint,9,Edison Park,2024,168,168,0,4.8,10.06
Rodent Baiting/Rat Complaint,9,Edison Park,2025,122,122,0,4.1,8.82
Rodent Baiting/Rat Complaint,9,Edison Park,2026,53,49,4,3.92,12.14
Rodent Baiting/Rat Complaint,10,Norwood Park,2019,459,459,0,3.16,6.93
Rodent Baiting/Rat Complaint,10,Norwood Park,2020,799,799,0,5.14,11.91
Rodent Baiting/Rat Complaint,10,Norwood Park,2021,1043,1043,0,10.58,22.91
Rodent Baiting/Rat Complaint,10,Norwood Park,2022,960,960,0,10.12,17.83
Rodent Baiting/Rat Complaint,10,Norwood Park,2023,938,938,0,8.7,21.96
Rodent Baiting/Rat Complaint,10,Norwood Park,2024,867,867,0,4.95,11.62
Rodent Baiting/Rat Complaint,10,Norwood Park,2025,871,871,0,4.07,10.06
Rodent Baiting/Rat Complaint,10,Norwood Park,2026,711,677,34,3.93,13.58
Rodent Baiting/Rat Complaint,11,Jefferson Park,2019,637,637,0,3.18,7.04
Rodent Baiting/Rat Complaint,11,Jefferson Park,2020,1214,1214,0,8.25,12.87
Rodent Baiting/Rat Complaint,11,Jefferson Park,2021,1159,1159,0,11.7,25.13
Rodent Baiting/Rat Complaint,11,Jefferson Park,2022,842,842,0,13.97,20.93
Rodent Baiting/Rat Complaint,11,Jefferson Park,2023,940,940,0,6.58,22.07
Rodent Baiting/Rat Complaint,11,Jefferson Park,2024,882,882,0,4.27,12.75
Rodent Baiting/Rat Complaint,11,Jefferson Park,2025,1045,1045,0,4.65,11.24
Rodent Baiting/Rat Complaint,11,Jefferson Park,2026,647,612,35,3.78,13.9
Rodent Baiting/Rat Complaint,12,Forest Glen,2019,294,294,0,3.02,6.18
Rodent Baiting/Rat Complaint,12,Forest Glen,2020,396,396,0,6.88,11.99
Rodent Baiting/Rat Complaint,12,Forest Glen,2021,520,520,0,10.11,21.15
Rodent Baiting/Rat Complaint,12,Forest Glen,2022,315,315,0,10.02,18.83
Rodent Baiting/Rat Complaint,12,Forest Glen,2023,417,417,0,12.12,21.73
Rodent Baiting/Rat Complaint,12,Forest Glen,2024,470,470,0,5.5,12.04
Rodent Baiting/Rat Complaint,12,Forest Glen,2025,368,368,0,4.1,11.85
Rodent Baiting/Rat Complaint,12,Forest Glen,2026,288,278,10,4.6,13.21
Rodent Baiting/Rat Complaint,13,North Park,2019,181,181,0,2.99,6.86
Rodent Baiting/Rat Complaint,13,North Park,2020,245,245,0,6.28,11.85
Rodent Baiting/Rat Complaint,13,North Park,2021,231,231,0,8.76,20.81
Rodent Baiting/Rat Complaint,13,North Park,2022,231,230,1,9.18,15.84
Rodent Baiting/Rat Complaint,13,North Park,2023,367,367,0,10.75,21.34
Rodent Baiting/Rat Complaint,13,North Park,2024,353,353,0,4.69,10.54
Rodent Baiting/Rat Complaint,13,North Park,2025,372,372,0,4.02,9.96
Rodent Baiting/Rat Complaint,13,North Park,2026,228,223,5,3.83,12.7
Rodent Baiting/Rat Complaint,14,Albany Park,2019,512,512,0,2.8,6.14
Rodent Baiting/Rat Complaint,14,Albany Park,2020,761,761,0,6.01,11.85
Rodent Baiting/Rat Complaint,14,Albany Park,2021,787,787,0,8.07,23.0
Rodent Baiting/Rat Complaint,14,Albany Park,2022,793,793,0,8.55,18.74
Rodent Baiting/Rat Complaint,14,Albany Park,2023,713,713,0,6.87,21.04
Rodent Baiting/Rat Complaint,14,Albany Park,2024,770,770,0,4.66,11.9
Rodent Baiting/Rat Complaint,14,Albany Park,2025,887,887,0,3.86,10.08
Rodent Baiting/Rat Complaint,14,Albany Park,2026,699,658,41,3.9,12.94
Rodent Baiting/Rat Complaint,15,Portage Park,2019,1422,1422,0,2.97,6.82
Rodent Baiting/Rat Complaint,15,Portage Park,2020,2138,2138,0,6.1,13.13
Rodent Baiting/Rat Complaint,15,Portage Park,2021,2348,2348,0,10.83,23.98
Rodent Baiting/Rat Complaint,15,Portage Park,2022,1606,1605,1,11.11,20.63
Rodent Baiting/Rat Complaint,15,Portage Park,2023,1946,1946,0,9.65,23.14
Rodent Baiting/Rat Complaint,15,Portage Park,2024,1724,1724,0,4.94,11.66
Rodent Baiting/Rat Complaint,15,Portage Park,2025,1766,1766,0,3.96,11.01
Rodent Baiting/Rat Complaint,15,Portage Park,2026,1518,1468,50,4.19,13.97
Rodent Baiting/Rat Complaint,16,Irving Park,2019,1263,1263,0,2.75,6.19
Rodent Baiting/Rat Complaint,16,Irving Park,2020,1475,1475,0,5.89,11.85
Rodent Baiting/Rat Complaint,16,Irving Park,2021,1870,1870,0,10.48,23.89
Rodent Baiting/Rat Complaint,16,Irving Park,2022,1372,1372,0,11.05,19.15
Rodent Baiting/Rat Complaint,16,Irving Park,2023,1435,1435,0,6.08,22.05
Rodent Baiting/Rat Complaint,16,Irving Park,2024,1205,1205,0,4.16,11.85
Rodent Baiting/Rat Complaint,16,Irving Park,2025,1151,1151,0,3.78,10.86
Rodent Baiting/Rat Complaint,16,Irving Park,2026,826,775,51,3.86,12.99
Rodent Baiting/Rat Complaint,17,Dunning,2019,745,745,0,2.71,6.46
Rodent Baiting/Rat Complaint,17,Dunning,2020,1027,1027,0,5.84,13.01
Rodent Baiting/Rat Complaint,17,Dunning,2021,1118,1118,0,9.79,23.7
Rodent Baiting/Rat Complaint,17,Dunning,2022,1157,1157,0,13.06,19.85
Rodent Baiting/Rat Complaint,17,Dunning,2023,1192,1192,0,9.44,23.04
Rodent Baiting/Rat Complaint,17,Dunning,2024,1240,1240,0,5.09,11.01
Rodent Baiting/Rat Complaint,17,Dunning,2025,1234,1234,0,3.86,10.92
Rodent Baiting/Rat Complaint,17,Dunning,2026,917,887,30,3.98,13.9
Rodent Baiting/Rat Complaint,18,Montclare,2019,177,177,0,3.03,6.05
Rodent Baiting/Rat Complaint,18,Montclare,2020,208,208,0,4.95,11.92
Rodent Baiting/Rat Complaint,18,Montclare,2021,211,211,0,12.88,22.15
Rodent Baiting/Rat Complaint,18,Montclare,2022,228,228,0,7.82,18.81
Rodent Baiting/Rat Complaint,18,Montclare,2023,263,263,0,7.0,23.05
Rodent Baiting/Rat Complaint,18,Montclare,2024,174,174,0,4.03,11.19
Rodent Baiting/Rat Complaint,18,Montclare,2025,197,197,0,3.75,10.78
Rodent Baiting/Rat Complaint,18,Montclare,2026,162,157,5,4.42,11.86
Rodent Baiting/Rat Complaint,19,Belmont Cragin,2019,1115,1115,0,2.98,7.73
Rodent Baiting/Rat Complaint,19,Belmont Cragin,2020,1737,1737,0,5.8,13.92
Rodent Baiting/Rat Complaint,19,Belmont Cragin,2021,1818,1818,0,11.89,22.19
Rodent Baiting/Rat Complaint,19,Belmont Cragin,2022,1246,1246,0,7.97,17.19
Rodent Baiting/Rat Complaint,19,Belmont Cragin,2023,1234,1234,0,7.99,23.12
Rodent Baiting/Rat Complaint,19,Belmont Cragin,2024,1231,1231,0,3.71,11.63
Rodent Baiting/Rat Complaint,19,Belmont Cragin,2025,1224,1224,0,4.18,11.81
Rodent Baiting/Rat Complaint,19,Belmont Cragin,2026,844,794,50,4.91,13.01
Rodent Baiting/Rat Complaint,20,Hermosa,2019,361,361,0,3.15,7.98
Rodent Baiting/Rat Complaint,20,Hermosa,2020,529,529,0,4.95,13.09
Rodent Baiting/Rat Complaint,20,Hermosa,2021,556,556,0,10.78,21.21
Rodent Baiting/Rat Complaint,20,Hermosa,2022,514,514,0,7.18,18.98
Rodent Baiting/Rat Complaint,20,Hermosa,2023,505,505,0,6.84,22.22
Rodent Baiting/Rat Complaint,20,Hermosa,2024,510,510,0,4.96,11.78
Rodent Baiting/Rat Complaint,20,Hermosa,2025,634,634,0,4.63,12.84
Rodent Baiting/Rat Complaint,20,Hermosa,2026,492,469,23,4.51,12.94
Rodent Baiting/Rat Complaint,21,Avondale,2019,644,644,0,2.83,6.8
Rodent Baiting/Rat Complaint,21,Avondale,2020,790,790,0,5.76,12.16
Rodent Baiting/Rat Complaint,21,Avondale,2021,992,992,0,11.59,23.9
Rodent Baiting/Rat Complaint,21,Avondale,2022,756,756,0,9.89,19.06
Rodent Baiting/Rat Complaint,21,Avondale,2023,764,764,0,6.83,22.92
Rodent Baiting/Rat Complaint,21,Avondale,2024,794,794,0,3.9,11.92
Rodent Baiting/Rat Complaint,21,Avondale,2025,970,970,0,3.97,10.9
Rodent Baiting/Rat Complaint,21,Avondale,2026,766,721,45,4.53,12.76
Rodent Baiting/Rat Complaint,22,Logan Square,2019,1840,1840,0,2.94,7.03
Rodent Baiting/Rat Complaint,22,Logan Square,2020,2110,2110,0,6.12,12.85
Rodent Baiting/Rat Complaint,22,Logan Square,2021,2331,2331,0,11.03,23.0
Rodent Baiting/Rat Complaint,22,Logan Square,2022,1597,1597,0,9.12,18.85
Rodent Baiting/Rat Complaint,22,Logan Square,2023,1548,1548,0,5.71,22.89
Rodent Baiting/Rat Complaint,22,Logan Square,2024,1413,1413,0,4.16,11.72
Rodent Baiting/Rat Complaint,22,Logan Square,2025,1556,1556,0,4.22,11.02
Rodent Baiting/Rat Complaint,22,Logan Square,2026,1164,1109,55,3.95,12.98
Rodent Baiting/Rat Complaint,23,Humboldt Park,2019,1128,1128,0,3.0,6.2
Rodent Baiting/Rat Complaint,23,Humboldt Park,2020,1287,1287,0,6.87,13.19
Rodent Baiting/Rat Complaint,23,Humboldt Park,2021,1569,1569,0,10.7,23.9
Rodent Baiting/Rat Complaint,23,Humboldt Park,2022,1047,1047,0,11.23,18.96
Rodent Baiting/Rat Complaint,23,Humboldt Park,2023,860,860,0,6.06,22.07
Rodent Baiting/Rat Complaint,23,Humboldt Park,2024,872,872,0,3.94,11.22
Rodent Baiting/Rat Complaint,23,Humboldt Park,2025,976,976,0,3.8,10.89
Rodent Baiting/Rat Complaint,23,Humboldt Park,2026,778,745,33,3.89,13.01
Rodent Baiting/Rat Complaint,24,West Town,2019,2006,2006,0,2.77,6.17
Rodent Baiting/Rat Complaint,24,West Town,2020,2889,2889,0,6.77,12.91
Rodent Baiting/Rat Complaint,24,West Town,2021,3364,3364,0,11.9,22.98
Rodent Baiting/Rat Complaint,24,West Town,2022,2471,2471,0,11.06,18.67
Rodent Baiting/Rat Complaint,24,West Town,2023,2517,2517,0,6.01,22.91
Rodent Baiting/Rat Complaint,24,West Town,2024,2029,2029,0,4.21,11.21
Rodent Baiting/Rat Complaint,24,West Town,2025,2294,2294,0,3.49,10.56
Rodent Baiting/Rat Complaint,24,West Town,2026,1463,1387,76,3.97,12.63
Rodent Baiting/Rat Complaint,25,Austin,2019,1173,1173,0,2.82,6.8
Rodent Baiting/Rat Complaint,25,Austin,2020,1561,1561,0,6.19,12.98
Rodent Baiting/Rat Complaint,25,Austin,2021,1873,1873,0,10.69,24.08
Rodent Baiting/Rat Complaint,25,Austin,2022,1424,1424,0,9.04,18.02
Rodent Baiting/Rat Complaint,25,Austin,2023,1360,1360,0,6.84,22.04
Rodent Baiting/Rat Complaint,25,Austin,2024,1111,1111,0,3.95,10.13
Rodent Baiting/Rat Complaint,25,Austin,2025,1252,1252,0,3.13,9.98
Rodent Baiting/Rat Complaint,25,Austin,2026,1037,987,50,3.01,11.69
Rodent Baiting/Rat Complaint,26,West Garfield Park,2019,300,300,0,3.97,7.8
Rodent Baiting/Rat Complaint,26,West Garfield Park,2020,334,334,0,8.85,15.77
Rodent Baiting/Rat Complaint,26,West Garfield Park,2021,389,389,0,18.05,27.94
Rodent Baiting/Rat Complaint,26,West Garfield Park,2022,251,251,0,12.19,17.98
Rodent Baiting/Rat Complaint,26,West Garfield Park,2023,238,238,0,9.98,22.01
Rodent Baiting/Rat Complaint,26,West Garfield Park,2024,233,233,0,3.11,10.64
Rodent Baiting/Rat Complaint,26,West Garfield Park,2025,229,229,0,3.98,9.22
Rodent Baiting/Rat Complaint,26,West Garfield Park,2026,230,218,12,3.02,10.7
Rodent Baiting/Rat Complaint,27,East Garfield Park,2019,397,397,0,3.47,7.09
Rodent Baiting/Rat Complaint,27,East Garfield Park,2020,694,694,0,7.47,14.22
Rodent Baiting/Rat Complaint,27,East Garfield Park,2021,921,921,0,8.68,26.56
Rodent Baiting/Rat Complaint,27,East Garfield Park,2022,494,494,0,10.09,18.87
Rodent Baiting/Rat Complaint,27,East Garfield Park,2023,344,344,0,8.06,21.38
Rodent Baiting/Rat Complaint,27,East Garfield Park,2024,289,289,0,2.99,11.19
Rodent Baiting/Rat Complaint,27,East Garfield Park,2025,247,247,0,3.04,9.61
Rodent Baiting/Rat Complaint,27,East Garfield Park,2026,200,184,16,2.75,9.77
Rodent Baiting/Rat Complaint,28,Near West Side,2019,565,565,0,3.05,6.95
Rodent Baiting/Rat Complaint,28,Near West Side,2020,633,633,0,6.19,13.66
Rodent Baiting/Rat Complaint,28,Near West Side,2021,955,955,0,11.95,26.79
Rodent Baiting/Rat Complaint,28,Near West Side,2022,918,918,0,10.11,18.45
Rodent Baiting/Rat Complaint,28,Near West Side,2023,849,849,0,3.96,21.05
Rodent Baiting/Rat Complaint,28,Near West Side,2024,570,570,0,3.39,9.67
Rodent Baiting/Rat Complaint,28,Near West Side,2025,609,609,0,2.83,8.99
Rodent Baiting/Rat Complaint,28,Near West Side,2026,397,387,10,3.61,10.8
Rodent Baiting/Rat Complaint,29,North Lawndale,2019,642,642,0,3.93,7.64
Rodent Baiting/Rat Complaint,29,North Lawndale,2020,823,823,0,6.49,15.05
Rodent Baiting/Rat Complaint,29,North Lawndale,2021,1117,1117,0,15.24,27.75
Rodent Baiting/Rat Complaint,29,North Lawndale,2022,758,758,0,10.14,18.06
Rodent Baiting/Rat Complaint,29,North Lawndale,2023,624,624,0,6.76,22.0
Rodent Baiting/Rat Complaint,29,North Lawndale,2024,568,568,0,3.88,11.15
Rodent Baiting/Rat Complaint,29,North Lawndale,2025,539,539,0,3.06,8.84
Rodent Baiting/Rat Complaint,29,North Lawndale,2026,448,434,14,2.91,11.72
Rodent Baiting/Rat Complaint,30,South Lawndale,2019,752,752,0,2.96,6.98
Rodent Baiting/Rat Complaint,30,South Lawndale,2020,1160,1160,0,4.93,12.76
Rodent Baiting/Rat Complaint,30,South Lawndale,2021,1299,1299,0,9.06,21.53
Rodent Baiting/Rat Complaint,30,South Lawndale,2022,971,971,0,7.61,17.73
Rodent Baiting/Rat Complaint,30,South Lawndale,2023,880,880,0,7.73,22.56
Rodent Baiting/Rat Complaint,30,South Lawndale,2024,753,753,0,3.97,9.87
Rodent Baiting/Rat Complaint,30,South Lawndale,2025,700,700,0,3.7,9.92
Rodent Baiting/Rat Complaint,30,South Lawndale,2026,614,595,19,3.82,11.05
Rodent Baiting/Rat Complaint,31,Lower West Side,2019,330,330,0,3.29,6.86
Rodent Baiting/Rat Complaint,31,Lower West Side,2020,502,502,0,5.91,12.06
Rodent Baiting/Rat Complaint,31,Lower West Side,2021,734,734,0,12.07,23.15
Rodent Baiting/Rat Complaint,31,Lower West Side,2022,602,602,0,5.1,15.96
Rodent Baiting/Rat Complaint,31,Lower West Side,2023,690,690,0,8.86,22.11
Rodent Baiting/Rat Complaint,31,Lower West Side,2024,569,569,0,2.99,8.72
Rodent Baiting/Rat Complaint,31,Lower West Side,2025,617,617,0,2.95,9.1
Rodent Baiting/Rat Complaint,31,Lower West Side,2026,527,515,12,3.75,11.47
Rodent Baiting/Rat Complaint,32,Loop,2019,124,124,0,2.68,6.78
Rodent Baiting/Rat Complaint,32,Loop,2020,96,96,0,2.6,7.25
Rodent Baiting/Rat Complaint,32,Loop,2021,160,160,0,3.71,19.85
Rodent Baiting/Rat Complaint,32,Loop,2022,171,171,0,3.67,12.91
Rodent Baiting/Rat Complaint,32,Loop,2023,219,219,0,2.76,16.2
Rodent Baiting/Rat Complaint,32,Loop,2024,232,232,0,2.33,6.4
Rodent Baiting/Rat Complaint,32,Loop,2025,140,140,0,1.9,6.17
Rodent Baiting/Rat Complaint,32,Loop,2026,90,90,0,2.5,9.77
Rodent Baiting/Rat Complaint,33,Near South Side,2019,91,91,0,3.72,6.79
Rodent Baiting/Rat Complaint,33,Near South Side,2020,87,87,0,5.51,12.95
Rodent Baiting/Rat Complaint,33,Near South Side,2021,91,91,0,15.0,21.64
Rodent Baiting/Rat Complaint,33,Near South Side,2022,91,91,0,8.93,14.83
Rodent Baiting/Rat Complaint,33,Near South Side,2023,135,135,0,3.74,19.43
Rodent Baiting/Rat Complaint,33,Near South Side,2024,79,79,0,2.98,7.77
Rodent Baiting/Rat Complaint,33,Near South Side,2025,122,122,0,3.04,8.01
Rodent Baiting/Rat Complaint,33,Near South Side,2026,74,68,6,3.54,11.91
Rodent Baiting/Rat Complaint,34,Armour Square,2019,203,203,0,2.67,6.75
Rodent Baiting/Rat Complaint,34,Armour Square,2020,352,352,0,6.26,12.45
Rodent Baiting/Rat Complaint,34,Armour Square,2021,302,302,0,9.91,22.91
Rodent Baiting/Rat Complaint,34,Armour Square,2022,267,267,0,8.1,18.69
Rodent Baiting/Rat Complaint,34,Armour Square,2023,197,197,0,6.82,22.79
Rodent Baiting/Rat Complaint,34,Armour Square,2024,223,223,0,3.84,10.98
Rodent Baiting/Rat Complaint,34,Armour Square,2025,267,267,0,2.93,9.87
Rodent Baiting/Rat Complaint,34,Armour Square,2026,290,284,6,2.84,12.77
Rodent Baiting/Rat Complaint,35,Douglas,2019,50,50,0,2.78,5.72
Rodent Baiting/Rat Complaint,35,Douglas,2020,81,81,0,3.58,11.85
Rodent Baiting/Rat Complaint,35,Douglas,2021,39,39,0,8.67,19.67
Rodent Baiting/Rat Complaint,35,Douglas,2022,50,50,0,9.57,15.9
Rodent Baiting/Rat Complaint,35,Douglas,2023,58,58,0,5.96,14.93
Rodent Baiting/Rat Complaint,35,Douglas,2024,89,89,0,2.67,7.56
Rodent Baiting/Rat Complaint,35,Douglas,2025,91,91,0,3.13,9.95
Rodent Baiting/Rat Complaint,35,Douglas,2026,28,27,1,2.86,11.49
Rodent Baiting/Rat Complaint,36,Oakland,2019,13,13,0,3.19,5.86
Rodent Baiting/Rat Complaint,36,Oakland,2020,24,24,0,4.43,14.66
Rodent Baiting/Rat Complaint,36,Oakland,2021,48,48,0,13.42,22.49
Rodent Baiting/Rat Complaint,36,Oakland,2022,37,37,0,6.87,13.13
Rodent Baiting/Rat Complaint,36,Oakland,2023,58,58,0,5.09,18.84
Rodent Baiting/Rat Complaint,36,Oakland,2024,73,73,0,2.61,6.13
Rodent Baiting/Rat Complaint,36,Oakland,2025,44,44,0,2.93,7.8
Rodent Baiting/Rat Complaint,36,Oakland,2026,38,38,0,3.24,7.64
Rodent Baiting/Rat Complaint,37,Fuller Park,2019,151,151,0,1.9,5.01
Rodent Baiting/Rat Complaint,37,Fuller Park,2020,119,119,0,3.92,11.82
Rodent Baiting/Rat Complaint,37,Fuller Park,2021,181,181,0,7.78,20.72
Rodent Baiting/Rat Complaint,37,Fuller Park,2022,191,191,0,6.17,15.68
Rodent Baiting/Rat Complaint,37,Fuller Park,2023,181,181,0,3.9,18.73
Rodent Baiting/Rat Complaint,37,Fuller Park,2024,140,140,0,2.74,7.81
Rodent Baiting/Rat Complaint,37,Fuller Park,2025,113,113,0,2.87,7.79
Rodent Baiting/Rat Complaint,37,Fuller Park,2026,62,59,3,2.13,9.24
Rodent Baiting/Rat Complaint,38,Grand Boulevard,2019,260,260,0,2.92,6.17
Rodent Baiting/Rat Complaint,38,Grand Boulevard,2020,401,401,0,4.83,12.22
Rodent Baiting/Rat Complaint,38,Grand Boulevard,2021,607,607,0,8.56,20.7
Rodent Baiting/Rat Complaint,38,Grand Boulevard,2022,441,441,0,7.07,15.71
Rodent Baiting/Rat Complaint,38,Grand Boulevard,2023,381,381,0,7.09,19.7
Rodent Baiting/Rat Complaint,38,Grand Boulevard,2024,343,343,0,3.74,8.97
Rodent Baiting/Rat Complaint,38,Grand Boulevard,2025,325,325,0,2.78,7.81
Rodent Baiting/Rat Complaint,38,Grand Boulevard,2026,244,236,8,2.69,8.49
Rodent Baiting/Rat Complaint,39,Kenwood,2019,152,152,0,3.72,6.97
Rodent Baiting/Rat Complaint,39,Kenwood,2020,157,157,0,6.21,11.04
Rodent Baiting/Rat Complaint,39,Kenwood,2021,332,332,0,7.67,19.84
Rodent Baiting/Rat Complaint,39,Kenwood,2022,208,208,0,6.81,14.74
Rodent Baiting/Rat Complaint,39,Kenwood,2023,155,155,0,7.92,19.93
Rodent Baiting/Rat Complaint,39,Kenwood,2024,109,109,0,3.4,8.26
Rodent Baiting/Rat Complaint,39,Kenwood,2025,84,84,0,3.52,9.45
Rodent Baiting/Rat Complaint,39,Kenwood,2026,77,77,0,3.08,10.11
Rodent Baiting/Rat Complaint,40,Washington Park,2019,111,111,0,3.04,6.14
Rodent Baiting/Rat Complaint,40,Washington Park,2020,136,136,0,3.68,11.12
Rodent Baiting/Rat Complaint,40,Washington Park,2021,233,233,0,4.14,19.18
Rodent Baiting/Rat Complaint,40,Washington Park,2022,149,149,0,3.27,14.36
Rodent Baiting/Rat Complaint,40,Washington Park,2023,105,105,0,5.85,20.36
Rodent Baiting/Rat Complaint,40,Washington Park,2024,93,93,0,3.53,10.68
Rodent Baiting/Rat Complaint,40,Washington Park,2025,77,77,0,3.0,8.3
Rodent Baiting/Rat Complaint,40,Washington Park,2026,48,43,5,1.83,7.1
Rodent Baiting/Rat Complaint,41,Hyde Park,2019,130,130,0,3.0,6.67
Rodent Baiting/Rat Complaint,41,Hyde Park,2020,187,187,0,5.08,11.53
Rodent Baiting/Rat Complaint,41,Hyde Park,2021,306,306,0,8.38,18.87
Rodent Baiting/Rat Complaint,41,Hyde Park,2022,178,178,0,5.72,15.42
Rodent Baiting/Rat Complaint,41,Hyde Park,2023,179,179,0,8.11,21.01
Rodent Baiting/Rat Complaint,41,Hyde Park,2024,210,210,0,3.1,9.26
Rodent Baiting/Rat Complaint,41,Hyde Park,2025,215,215,0,3.04,8.99
Rodent Baiting/Rat Complaint,41,Hyde Park,2026,230,218,12,2.6,8.89
Rodent Baiting/Rat Complaint,42,Woodlawn,2019,170,170,0,3.12,6.53
Rodent Baiting/Rat Complaint,42,Woodlawn,2020,173,173,0,5.24,12.67
Rodent Baiting/Rat Complaint,42,Woodlawn,2021,216,216,0,8.81,20.93
Rodent Baiting/Rat Complaint,42,Woodlawn,2022,206,206,0,6.27,16.67
Rodent Baiting/Rat Complaint,42,Woodlawn,2023,272,272,0,7.37,22.07
Rodent Baiting/Rat Complaint,42,Woodlawn,2024,248,248,0,4.03,10.17
Rodent Baiting/Rat Complaint,42,Woodlawn,2025,186,186,0,3.55,8.75
Rodent Baiting/Rat Complaint,42,Woodlawn,2026,163,161,2,2.84,9.8
Rodent Baiting/Rat Complaint,43,South Shore,2019,315,315,0,3.05,6.58
Rodent Baiting/Rat Complaint,43,South Shore,2020,364,364,0,6.02,13.96
Rodent Baiting/Rat Complaint,43,South Shore,2021,382,382,0,8.98,21.71
Rodent Baiting/Rat Complaint,43,South Shore,2022,334,334,0,6.96,18.03
Rodent Baiting/Rat Complaint,43,South Shore,2023,294,294,0,6.66,21.06
Rodent Baiting/Rat Complaint,43,South Shore,2024,237,237,0,3.31,9.13
Rodent Baiting/Rat Complaint,43,South Shore,2025,253,253,0,2.87,8.72
Rodent Baiting/Rat Complaint,43,South Shore,2026,256,239,17,2.98,12.06
Rodent Baiting/Rat Complaint,44,Chatham,2019,254,254,0,3.19,7.07
Rodent Baiting/Rat Complaint,44,Chatham,2020,302,302,0,7.42,13.83
Rodent Baiting/Rat Complaint,44,Chatham,2021,367,367,0,13.8,22.08
Rodent Baiting/Rat Complaint,44,Chatham,2022,297,297,0,10.21,20.0
Rodent Baiting/Rat Complaint,44,Chatham,2023,298,298,0,7.47,20.89
Rodent Baiting/Rat Complaint,44,Chatham,2024,265,265,0,3.93,9.4
Rodent Baiting/Rat Complaint,44,Chatham,2025,293,293,0,3.08,9.03
Rodent Baiting/Rat Complaint,44,Chatham,2026,218,201,17,2.98,11.87
Rodent Baiting/Rat Complaint,45,Avalon Park,2019,88,88,0,3.6,6.68
Rodent Baiting/Rat Complaint,45,Avalon Park,2020,112,112,0,7.77,13.99
Rodent Baiting/Rat Complaint,45,Avalon Park,2021,98,98,0,14.06,24.01
Rodent Baiting/Rat Complaint,45,Avalon Park,2022,118,118,0,8.49,19.68
Rodent Baiting/Rat Complaint,45,Avalon Park,2023,88,88,0,9.34,24.34
Rodent Baiting/Rat Complaint,45,Avalon Park,2024,94,94,0,4.7,9.92
Rodent Baiting/Rat Complaint,45,Avalon Park,2025,84,84,0,3.2,8.12
Rodent Baiting/Rat Complaint,45,Avalon Park,2026,48,46,2,3.09,12.72
Rodent Baiting/Rat Complaint,46,South Chicago,2019,272,272,0,3.67,7.26
Rodent Baiting/Rat Complaint,46,South Chicago,2020,306,306,0,5.67,12.93
Rodent Baiting/Rat Complaint,46,South Chicago,2021,401,401,0,7.84,20.85
Rodent Baiting/Rat Complaint,46,South Chicago,2022,317,317,0,8.01,19.06
Rodent Baiting/Rat Complaint,46,South Chicago,2023,372,372,0,5.98,21.94
Rodent Baiting/Rat Complaint,46,South Chicago,2024,251,251,0,3.79,9.59
Rodent Baiting/Rat Complaint,46,South Chicago,2025,255,255,0,3.75,11.28
Rodent Baiting/Rat Complaint,46,South Chicago,2026,195,185,10,2.82,13.11
Rodent Baiting/Rat Complaint,47,Burnside,2019,35,35,0,3.91,6.27
Rodent Baiting/Rat Complaint,47,Burnside,2020,25,25,0,7.81,15.43
Rodent Baiting/Rat Complaint,47,Burnside,2021,46,46,0,13.43,24.08
Rodent Baiting/Rat Complaint,47,Burnside,2022,31,31,0,5.08,16.78
Rodent Baiting/Rat Complaint,47,Burnside,2023,23,23,0,16.06,25.07
Rodent Baiting/Rat Complaint,47,Burnside,2024,17,17,0,6.2,11.38
Rodent Baiting/Rat Complaint,47,Burnside,2025,45,45,0,3.1,8.85
Rodent Baiting/Rat Complaint,47,Burnside,2026,23,23,0,2.51,6.47
Rodent Baiting/Rat Complaint,48,Calumet Heights,2019,90,90,0,3.94,7.86
Rodent Baiting/Rat Complaint,48,Calumet Heights,2020,149,149,0,6.31,12.69
Rodent Baiting/Rat Complaint,48,Calumet Heights,2021,195,195,0,8.79,22.02
Rodent Baiting/Rat Complaint,48,Calumet Heights,2022,146,146,0,8.95,19.48
Rodent Baiting/Rat Complaint,48,Calumet Heights,2023,186,186,0,5.7,23.73
Rodent Baiting/Rat Complaint,48,Calumet Heights,2024,124,124,0,3.05,10.11
Rodent Baiting/Rat Complaint,48,Calumet Heights,2025,123,123,0,4.2,8.81
Rodent Baiting/Rat Complaint,48,Calumet Heights,2026,80,76,4,2.81,12.85
Rodent Baiting/Rat Complaint,49,Roseland,2019,710,710,0,3.41,7.95
Rodent Baiting/Rat Complaint,49,Roseland,2020,961,961,0,6.02,13.84
Rodent Baiting/Rat Complaint,49,Roseland,2021,1217,1217,0,7.99,21.46
Rodent Baiting/Rat Complaint,49,Roseland,2022,869,869,0,11.1,19.72
Rodent Baiting/Rat Complaint,49,Roseland,2023,518,518,0,7.7,21.94
Rodent Baiting/Rat Complaint,49,Roseland,2024,419,419,0,3.94,9.96
Rodent Baiting/Rat Complaint,49,Roseland,2025,495,495,0,3.77,10.1
Rodent Baiting/Rat Complaint,49,Roseland,2026,355,346,9,3.84,11.99
Rodent Baiting/Rat Complaint,50,Pullman,2019,61,61,0,2.42,5.92
Rodent Baiting/Rat Complaint,50,Pullman,2020,65,65,0,5.95,12.14
Rodent Baiting/Rat Complaint,50,Pullman,2021,62,62,0,10.83,21.56
Rodent Baiting/Rat Complaint,50,Pullman,2022,70,70,0,11.87,17.79
Rodent Baiting/Rat Complaint,50,Pullman,2023,52,52,0,6.76,21.91
Rodent Baiting/Rat Complaint,50,Pullman,2024,87,87,0,4.93,10.03
Rodent Baiting/Rat Complaint,50,Pullman,2025,72,72,0,3.54,9.49
Rodent Baiting/Rat Complaint,50,Pullman,2026,53,53,0,3.0,11.79
Rodent Baiting/Rat Complaint,51,South Deering,2019,95,95,0,4.13,7.03
Rodent Baiting/Rat Complaint,51,South Deering,2020,137,137,0,6.1,12.23
Rodent Baiting/Rat Complaint,51,South Deering,2021,158,158,0,8.92,20.95
Rodent Baiting/Rat Complaint,51,South Deering,2022,134,134,0,6.61,17.12
Rodent Baiting/Rat Complaint,51,South Deering,2023,110,110,0,8.98,21.8
Rodent Baiting/Rat Complaint,51,South Deering,2024,91,91,0,5.26,11.12
Rodent Baiting/Rat Complaint,51,South Deering,2025,95,95,0,3.76,10.42
Rodent Baiting/Rat Complaint,51,South Deering,2026,70,68,2,2.96,12.9
Rodent Baiting/Rat Complaint,52,East Side,2019,62,62,0,3.8,6.61
Rodent Baiting/Rat Complaint,52,East Side,2020,53,53,0,6.83,13.66
Rodent Baiting/Rat Complaint,52,East Side,2021,105,105,0,7.68,19.66
Rodent Baiting/Rat Complaint,52,East Side,2022,79,79,0,7.95,15.45
Rodent Baiting/Rat Complaint,52,East Side,2023,130,130,0,7.92,20.12
Rodent Baiting/Rat Complaint,52,East Side,2024,130,130,0,4.31,8.97
Rodent Baiting/Rat Complaint,52,East Side,2025,141,141,0,3.99,8.76
Rodent Baiting/Rat Complaint,52,East Side,2026,97,92,5,3.04,12.81
Rodent Baiting/Rat Complaint,53,West Pullman,2019,467,467,0,3.13,8.75
Rodent Baiting/Rat Complaint,53,West Pullman,2020,1029,1029,0,3.64,13.0
Rodent Baiting/Rat Complaint,53,West Pullman,2021,884,884,0,7.96,21.85
Rodent Baiting/Rat Complaint,53,West Pullman,2022,611,611,0,10.47,20.81
Rodent Baiting/Rat Complaint,53,West Pullman,2023,330,330,0,5.03,22.0
Rodent Baiting/Rat Complaint,53,West Pullman,2024,258,258,0,4.71,10.32
Rodent Baiting/Rat Complaint,53,West Pullman,2025,237,237,0,3.72,9.79
Rodent Baiting/Rat Complaint,53,West Pullman,2026,203,194,9,2.96,9.4
Rodent Baiting/Rat Complaint,54,Riverdale,2019,9,9,0,1.19,5.25
Rodent Baiting/Rat Complaint,54,Riverdale,2020,12,12,0,6.54,13.03
Rodent Baiting/Rat Complaint,54,Riverdale,2021,9,9,0,7.63,18.07
Rodent Baiting/Rat Complaint,54,Riverdale,2022,13,13,0,13.36,15.05
Rodent Baiting/Rat Complaint,54,Riverdale,2023,10,10,0,9.55,20.99
Rodent Baiting/Rat Complaint,54,Riverdale,2024,12,12,0,5.52,8.93
Rodent Baiting/Rat Complaint,54,Riverdale,2025,10,10,0,4.72,7.4
Rodent Baiting/Rat Complaint,54,Riverdale,2026,6,6,0,5.46,13.69
Rodent Baiting/Rat Complaint,55,Hegewisch,2019,14,14,0,3.4,7.11
Rodent Baiting/Rat Complaint,55,Hegewisch,2020,44,44,0,4.06,13.46
Rodent Baiting/Rat Complaint,55,Hegewisch,2021,33,33,0,6.74,15.28
Rodent Baiting/Rat Complaint,55,Hegewisch,2022,40,40,0,5.04,14.32
Rodent Baiting/Rat Complaint,55,Hegewisch,2023,42,42,0,7.39,21.02
Rodent Baiting/Rat Complaint,55,Hegewisch,2024,25,25,0,2.69,7.92
Rodent Baiting/Rat Complaint,55,Hegewisch,2025,33,33,0,5.92,10.55
Rodent Baiting/Rat Complaint,55,Hegewisch,2026,46,39,7,5.7,12.83
Rodent Baiting/Rat Complaint,56,Garfield Ridge,2019,1178,1178,0,3.02,7.04
Rodent Baiting/Rat Complaint,56,Garfield Ridge,2020,1250,1250,0,6.82,12.92
Rodent Baiting/Rat Complaint,56,Garfield Ridge,2021,1595,1595,0,14.18,26.47
Rodent Baiting/Rat Complaint,56,Garfield Ridge,2022,1216,1216,0,12.0,19.17
Rodent Baiting/Rat Complaint,56,Garfield Ridge,2023,1410,1410,0,6.98,23.86
Rodent Baiting/Rat Complaint,56,Garfield Ridge,2024,1688,1688,0,3.9,11.75
Rodent Baiting/Rat Complaint,56,Garfield Ridge,2025,1168,1168,0,3.47,10.63
Rodent Baiting/Rat Complaint,56,Garfield Ridge,2026,948,922,26,2.97,11.76
Rodent Baiting/Rat Complaint,57,Archer Heights,2019,176,176,0,2.09,5.89
Rodent Baiting/Rat Complaint,57,Archer Heights,2020,256,256,0,6.07,12.39
Rodent Baiting/Rat Complaint,57,Archer Heights,2021,379,379,0,10.78,25.67
Rodent Baiting/Rat Complaint,57,Archer Heights,2022,290,290,0,8.61,18.14
Rodent Baiting/Rat Complaint,57,Archer Heights,2023,207,207,0,4.62,20.88
Rodent Baiting/Rat Complaint,57,Archer Heights,2024,180,180,0,3.05,8.95
Rodent Baiting/Rat Complaint,57,Archer Heights,2025,170,170,0,3.44,11.19
Rodent Baiting/Rat Complaint,57,Archer Heights,2026,175,161,14,3.93,11.55
Rodent Baiting/Rat Complaint,58,Brighton Park,2019,483,483,0,3.05,13.13
Rodent Baiting/Rat Complaint,58,Brighton Park,2020,642,642,0,6.13,13.34
Rodent Baiting/Rat Complaint,58,Brighton Park,2021,839,839,0,6.84,23.96
Rodent Baiting/Rat Complaint,58,Brighton Park,2022,531,531,0,5.65,15.87
Rodent Baiting/Rat Complaint,58,Brighton Park,2023,362,362,0,5.01,20.0
Rodent Baiting/Rat Complaint,58,Brighton Park,2024,555,555,0,3.83,9.12
Rodent Baiting/Rat Complaint,58,Brighton Park,2025,402,402,0,3.7,10.46
Rodent Baiting/Rat Complaint,58,Brighton Park,2026,296,284,12,3.81,14.85
Rodent Baiting/Rat Complaint,59,McKinley Park,2019,211,211,0,2.72,5.96
Rodent Baiting/Rat Complaint,59,McKinley Park,2020,233,233,0,5.92,13.03
Rodent Baiting/Rat Complaint,59,McKinley Park,2021,305,305,0,8.9,20.66
Rodent Baiting/Rat Complaint,59,McKinley Park,2022,175,175,0,5.94,16.0
Rodent Baiting/Rat Complaint,59,McKinley Park,2023,193,193,0,7.09,20.74
Rodent Baiting/Rat Complaint,59,McKinley Park,2024,160,160,0,3.77,10.08
Rodent Baiting/Rat Complaint,59,McKinley Park,2025,124,124,0,4.19,10.14
Rodent Baiting/Rat Complaint,59,McKinley Park,2026,96,89,7,3.85,11.38
Rodent Baiting/Rat Complaint,60,Bridgeport,2019,718,718,0,3.02,6.89
Rodent Baiting/Rat Complaint,60,Bridgeport,2020,1141,1141,0,7.29,13.02
Rodent Baiting/Rat Complaint,60,Bridgeport,2021,1584,1584,0,11.09,22.84
Rodent Baiting/Rat Complaint,60,Bridgeport,2022,1383,1383,0,7.82,19.9
Rodent Baiting/Rat Complaint,60,Bridgeport,2023,1256,1256,0,5.73,22.15
Rodent Baiting/Rat Complaint,60,Bridgeport,2024,1064,1064,0,4.12,11.69
Rodent Baiting/Rat Complaint,60,Bridgeport,2025,1071,1071,0,2.98,9.41
Rodent Baiting/Rat Complaint,60,Bridgeport,2026,694,673,21,2.68,11.8
Rodent Baiting/Rat Complaint,61,New City,2019,755,755,0,3.78,10.0
Rodent Baiting/Rat Complaint,61,New City,2020,831,831,0,6.58,14.7
Rodent Baiting/Rat Complaint,61,New City,2021,1227,1227,0,9.0,21.86
Rodent Baiting/Rat Complaint,61,New City,2022,944,944,0,5.02,18.05
Rodent Baiting/Rat Complaint,61,New City,2023,855,855,0,8.18,21.9
Rodent Baiting/Rat Complaint,61,New City,2024,1033,1033,0,5.92,12.07
Rodent Baiting/Rat Complaint,61,New City,2025,957,957,0,2.94,8.14
Rodent Baiting/Rat Complaint,61,New City,2026,792,729,63,3.98,13.69
Rodent Baiting/Rat Complaint,62,West Elsdon,2019,180,180,0,3.88,7.83
Rodent Baiting/Rat Complaint,62,West Elsdon,2020,257,257,0,7.08,13.12
Rodent Baiting/Rat Complaint,62,West Elsdon,2021,544,544,0,16.61,27.98
Rodent Baiting/Rat Complaint,62,West Elsdon,2022,364,364,0,12.04,19.34
Rodent Baiting/Rat Complaint,62,West Elsdon,2023,343,343,0,4.84,23.0
Rodent Baiting/Rat Complaint,62,West Elsdon,2024,352,352,0,3.91,11.79
Rodent Baiting/Rat Complaint,62,West Elsdon,2025,361,361,0,3.98,11.73
Rodent Baiting/Rat Complaint,62,West Elsdon,2026,233,226,7,3.88,12.6
Rodent Baiting/Rat Complaint,63,Gage Park,2019,424,424,0,2.95,7.21
Rodent Baiting/Rat Complaint,63,Gage Park,2020,551,551,0,6.5,13.92
Rodent Baiting/Rat Complaint,63,Gage Park,2021,723,723,0,11.86,23.82
Rodent Baiting/Rat Complaint,63,Gage Park,2022,482,482,0,5.75,17.2
Rodent Baiting/Rat Complaint,63,Gage Park,2023,356,356,0,4.92,20.75
Rodent Baiting/Rat Complaint,63,Gage Park,2024,740,740,0,3.86,12.92
Rodent Baiting/Rat Complaint,63,Gage Park,2025,477,477,0,3.01,8.06
Rodent Baiting/Rat Complaint,63,Gage Park,2026,338,326,12,4.6,12.88
Rodent Baiting/Rat Complaint,64,Clearing,2019,1647,1647,0,3.86,7.4
Rodent Baiting/Rat Complaint,64,Clearing,2020,1754,1754,0,6.53,13.77
Rodent Baiting/Rat Complaint,64,Clearing,2021,2202,2202,0,15.82,27.87
Rodent Baiting/Rat Complaint,64,Clearing,2022,1610,1610,0,11.98,20.08
Rodent Baiting/Rat Complaint,64,Clearing,2023,1711,1711,0,5.99,24.44
Rodent Baiting/Rat Complaint,64,Clearing,2024,1761,1761,0,3.76,11.81
Rodent Baiting/Rat Complaint,64,Clearing,2025,1091,1091,0,3.31,11.0
Rodent Baiting/Rat Complaint,64,Clearing,2026,676,655,21,2.03,12.11
Rodent Baiting/Rat Complaint,65,West Lawn,2019,356,356,0,3.12,7.74
Rodent Baiting/Rat Complaint,65,West Lawn,2020,421,421,0,8.0,14.11
Rodent Baiting/Rat Complaint,65,West Lawn,2021,651,651,0,18.9,27.98
Rodent Baiting/Rat Complaint,65,West Lawn,2022,341,341,0,13.05,19.14
Rodent Baiting/Rat Complaint,65,West Lawn,2023,377,377,0,8.15,23.65
Rodent Baiting/Rat Complaint,65,West Lawn,2024,383,383,0,3.97,11.16
Rodent Baiting/Rat Complaint,65,West Lawn,2025,476,476,0,4.36,11.77
Rodent Baiting/Rat Complaint,65,West Lawn,2026,357,339,18,4.88,12.72
Rodent Baiting/Rat Complaint,66,Chicago Lawn,2019,667,667,0,3.12,6.8
Rodent Baiting/Rat Complaint,66,Chicago Lawn,2020,804,804,0,6.71,14.02
Rodent Baiting/Rat Complaint,66,Chicago Lawn,2021,1150,1150,0,13.81,25.13
Rodent Baiting/Rat Complaint,66,Chicago Lawn,2022,902,902,0,9.88,18.85
Rodent Baiting/Rat Complaint,66,Chicago Lawn,2023,801,800,1,7.9,22.09
Rodent Baiting/Rat Complaint,66,Chicago Lawn,2024,927,927,0,4.98,12.75
Rodent Baiting/Rat Complaint,66,Chicago Lawn,2025,697,697,0,3.87,9.62
Rodent Baiting/Rat Complaint,66,Chicago Lawn,2026,450,421,29,3.03,12.04
Rodent Baiting/Rat Complaint,67,West Englewood,2019,1099,1099,0,3.75,8.0
Rodent Baiting/Rat Complaint,67,West Englewood,2020,1232,1232,0,7.84,17.03
Rodent Baiting/Rat Complaint,67,West Englewood,2021,1535,1535,0,7.05,25.8
Rodent Baiting/Rat Complaint,67,West Englewood,2022,961,961,0,7.13,17.92
Rodent Baiting/Rat Complaint,67,West Englewood,2023,665,665,0,6.66,21.85
Rodent Baiting/Rat Complaint,67,West Englewood,2024,969,969,0,5.08,11.96
Rodent Baiting/Rat Complaint,67,West Englewood,2025,797,797,0,3.01,9.77
Rodent Baiting/Rat Complaint,67,West Englewood,2026,764,708,56,4.43,13.66
Rodent Baiting/Rat Complaint,68,Englewood,2019,620,620,0,3.2,7.04
Rodent Baiting/Rat Complaint,68,Englewood,2020,796,796,0,6.0,14.11
Rodent Baiting/Rat Complaint,68,Englewood,2021,930,930,0,10.22,21.96
Rodent Baiting/Rat Complaint,68,Englewood,2022,665,665,0,8.2,18.84
Rodent Baiting/Rat Complaint,68,Englewood,2023,527,527,0,5.41,22.07
Rodent Baiting/Rat Complaint,68,Englewood,2024,459,459,0,4.78,11.88
Rodent Baiting/Rat Complaint,68,Englewood,2025,410,410,0,3.46,10.07
Rodent Baiting/Rat Complaint,68,Englewood,2026,325,316,9,2.63,12.73
Rodent Baiting/Rat Complaint,69,Greater Grand Crossing,2019,404,404,0,3.65,7.16
Rodent Baiting/Rat Complaint,69,Greater Grand Crossing,2020,474,474,0,6.14,13.8
Rodent Baiting/Rat Complaint,69,Greater Grand Crossing,2021,531,531,0,13.43,22.2
Rodent Baiting/Rat Complaint,69,Greater Grand Crossing,2022,527,527,0,9.07,19.14
Rodent Baiting/Rat Complaint,69,Greater Grand Crossing,2023,508,508,0,6.73,21.12
Rodent Baiting/Rat Complaint,69,Greater Grand Crossing,2024,396,396,0,4.0,9.95
Rodent Baiting/Rat Complaint,69,Greater Grand Crossing,2025,341,341,0,3.77,9.63
Rodent Baiting/Rat Complaint,69,Greater Grand Crossing,2026,294,274,20,3.06,11.01
Rodent Baiting/Rat Complaint,70,Ashburn,2019,757,757,0,2.91,6.13
Rodent Baiting/Rat Complaint,70,Ashburn,2020,873,873,0,6.84,13.0
Rodent Baiting/Rat Complaint,70,Ashburn,2021,769,769,0,9.96,22.94
Rodent Baiting/Rat Complaint,70,Ashburn,2022,707,707,0,11.85,17.01
Rodent Baiting/Rat Complaint,70,Ashburn,2023,610,610,0,5.85,22.25
Rodent Baiting/Rat Complaint,70,Ashburn,2024,517,517,0,4.21,10.95
Rodent Baiting/Rat Complaint,70,Ashburn,2025,525,525,0,3.73,8.98
Rodent Baiting/Rat Complaint,70,Ashburn,2026,452,421,31,4.06,11.89
Rodent Baiting/Rat Complaint,71,Auburn Gresham,2019,879,879,0,3.08,6.9
Rodent Baiting/Rat Complaint,71,Auburn Gresham,2020,1192,1192,0,7.21,13.76
Rodent Baiting/Rat Complaint,71,Auburn Gresham,2021,1241,1241,0,10.05,23.96
Rodent Baiting/Rat Complaint,71,Auburn Gresham,2022,925,925,0,9.84,17.8
Rodent Baiting/Rat Complaint,71,Auburn Gresham,2023,840,840,0,6.18,22.03
Rodent Baiting/Rat Complaint,71,Auburn Gresham,2024,681,681,0,4.03,10.18
Rodent Baiting/Rat Complaint,71,Auburn Gresham,2025,578,578,0,3.95,10.62
Rodent Baiting/Rat Complaint,71,Auburn Gresham,2026,504,485,19,2.59,10.69
Rodent Baiting/Rat Complaint,72,Beverly,2019,91,91,0,2.15,5.96
Rodent Baiting/Rat Complaint,72,Beverly,2020,129,129,0,6.27,10.19
Rodent Baiting/Rat Complaint,72,Beverly,2021,166,166,0,11.07,20.44
Rodent Baiting/Rat Complaint,72,Beverly,2022,130,130,0,10.1,16.09
Rodent Baiting/Rat Complaint,72,Beverly,2023,212,212,0,12.41,21.65
Rodent Baiting/Rat Complaint,72,Beverly,2024,362,362,0,5.25,10.26
Rodent Baiting/Rat Complaint,72,Beverly,2025,200,200,0,3.88,10.54
Rodent Baiting/Rat Complaint,72,Beverly,2026,161,152,9,2.91,10.49
Rodent Baiting/Rat Complaint,73,Washington Heights,2019,398,398,0,2.94,7.05
Rodent Baiting/Rat Complaint,73,Washington Heights,2020,417,417,0,7.34,14.91
Rodent Baiting/Rat Complaint,73,Washington Heights,2021,525,525,0,15.05,23.45
Rodent Baiting/Rat Complaint,73,Washington Heights,2022,438,438,0,11.22,19.13
Rodent Baiting/Rat Complaint,73,Washington Heights,2023,400,400,0,8.93,22.8
Rodent Baiting/Rat Complaint,73,Washington Heights,2024,352,352,0,3.91,10.83
Rodent Baiting/Rat Complaint,73,Washington Heights,2025,331,331,0,3.53,11.04
Rodent Baiting/Rat Complaint,73,Washington Heights,2026,228,218,10,3.0,10.91
Rodent Baiting/Rat Complaint,74,Mount Greenwood,2019,285,285,0,2.86,6.11
Rodent Baiting/Rat Complaint,74,Mount Greenwood,2020,373,373,0,5.62,10.79
Rodent Baiting/Rat Complaint,74,Mount Greenwood,2021,427,427,0,8.73,21.33
Rodent Baiting/Rat Complaint,74,Mount Greenwood,2022,384,384,0,9.93,15.09
Rodent Baiting/Rat Complaint,74,Mount Greenwood,2023,523,523,0,11.1,20.68
Rodent Baiting/Rat Complaint,74,Mount Greenwood,2024,569,569,0,4.93,10.91
Rodent Baiting/Rat Complaint,74,Mount Greenwood,2025,547,547,0,4.57,11.08
Rodent Baiting/Rat Complaint,74,Mount Greenwood,2026,422,406,16,2.75,9.05
Rodent Baiting/Rat Complaint,75,Morgan Park,2019,279,279,0,3.16,8.16
Rodent Baiting/Rat Complaint,75,Morgan Park,2020,394,394,0,4.05,11.04
Rodent Baiting/Rat Complaint,75,Morgan Park,2021,314,314,0,9.87,22.85
Rodent Baiting/Rat Complaint,75,Morgan Park,2022,338,338,0,10.1,18.97
Rodent Baiting/Rat Complaint,75,Morgan Park,2023,292,292,0,6.01,21.82
Rodent Baiting/Rat Complaint,75,Morgan Park,2024,352,352,0,4.02,10.14
Rodent Baiting/Rat Complaint,75,Morgan Park,2025,286,286,0,3.88,10.74
Rodent Baiting/Rat Complaint,75,Morgan Park,2026,206,196,10,3.15,10.72
Rodent Baiting/Rat Complaint,76,O'Hare,2019,2,2,0,4.86,5.76
Rodent Baiting/Rat Complaint,76,O'Hare,2020,7,7,0,2.99,9.24
Rodent Baiting/Rat Complaint,76,O'Hare,2021,26,26,0,7.77,17.33
Rodent Baiting/Rat Complaint,76,O'Hare,2022,19,19,0,11.2,16.43
Rodent Baiting/Rat Complaint,76,O'Hare,2023,21,21,0,19.17,21.63
Rodent Baiting/Rat Complaint,76,O'Hare,2024,28,28,0,6.59,10.72
Rodent Baiting/Rat Complaint,76,O'Hare,2025,30,30,0,5.1,11.6
Rodent Baiting/Rat Complaint,76,O'Hare,2026,30,30,0,2.18,13.94
Rodent Baiting/Rat Complaint,77,Edgewater,2019,534,534,0,2.15,6.12
Rodent Baiting/Rat Complaint,77,Edgewater,2020,585,585,0,5.55,12.1
Rodent Baiting/Rat Complaint,77,Edgewater,2021,577,577,0,6.52,19.79
Rodent Baiting/Rat Complaint,77,Edgewater,2022,574,574,0,8.67,17.82
Rodent Baiting/Rat Complaint,77,Edgewater,2023,586,586,0,6.61,21.74
Rodent Baiting/Rat Complaint,77,Edgewater,2024,485,485,0,3.69,9.11
Rodent Baiting/Rat Complaint,77,Edgewater,2025,467,467,0,3.79,10.93
Rodent Baiting/Rat Complaint,77,Edgewater,2026,442,429,13,4.05,13.03
Street Light Out Complaint,1,Rogers Park,2019,297,297,0,29.5,124.04
Street Light Out Complaint,1,Rogers Park,2020,239,239,0,12.01,43.93
Street Light Out Complaint,1,Rogers Park,2021,247,247,0,3.0,9.71
Street Light Out Complaint,1,Rogers Park,2022,313,313,0,3.83,21.47
Street Light Out Complaint,1,Rogers Park,2023,226,224,2,2.58,22.09
Street Light Out Complaint,1,Rogers Park,2024,204,196,8,2.51,14.14
Street Light Out Complaint,1,Rogers Park,2025,287,283,4,2.61,43.86
Street Light Out Complaint,1,Rogers Park,2026,171,164,7,3.45,24.29
Street Light Out Complaint,2,West Ridge,2019,617,617,0,25.94,114.6
Street Light Out Complaint,2,West Ridge,2020,418,418,0,14.3,55.9
Street Light Out Complaint,2,West Ridge,2021,429,429,0,2.9,15.0
Street Light Out Complaint,2,West Ridge,2022,422,422,0,3.94,31.58
Street Light Out Complaint,2,West Ridge,2023,364,364,0,2.61,9.31
Street Light Out Complaint,2,West Ridge,2024,457,446,11,2.56,13.43
Street Light Out Complaint,2,West Ridge,2025,363,358,5,1.64,19.05
Street Light Out Complaint,2,West Ridge,2026,298,278,20,2.54,10.73
Street Light Out Complaint,3,Uptown,2019,268,268,0,27.5,101.19
Street Light Out Complaint,3,Uptown,2020,169,169,0,15.9,50.9
Street Light Out Complaint,3,Uptown,2021,270,270,0,4.09,14.71
Street Light Out Complaint,3,Uptown,2022,256,256,0,6.43,80.48
Street Light Out Complaint,3,Uptown,2023,274,273,1,3.72,19.79
Street Light Out Complaint,3,Uptown,2024,409,408,1,2.57,16.42
Street Light Out Complaint,3,Uptown,2025,372,366,6,2.63,26.42
Street Light Out Complaint,3,Uptown,2026,177,161,16,3.11,18.85
Street Light Out Complaint,4,Lincoln Square,2019,375,375,0,21.17,102.21
Street Light Out Complaint,4,Lincoln Square,2020,309,309,0,13.44,46.65
Street Light Out Complaint,4,Lincoln Square,2021,312,312,0,3.52,12.75
Street Light Out Complaint,4,Lincoln Square,2022,324,324,0,4.44,34.23
Street Light Out Complaint,4,Lincoln Square,2023,457,457,0,2.22,12.51
Street Light Out Complaint,4,Lincoln Square,2024,379,370,9,2.14,9.86
Street Light Out Complaint,4,Lincoln Square,2025,270,266,4,2.06,19.99
Street Light Out Complaint,4,Lincoln Square,2026,267,249,18,2.73,12.78
Street Light Out Complaint,5,North Center,2019,401,401,0,26.59,124.68
Street Light Out Complaint,5,North Center,2020,320,320,0,12.42,42.08
Street Light Out Complaint,5,North Center,2021,273,273,0,3.52,13.97
Street Light Out Complaint,5,North Center,2022,207,207,0,4.96,48.32
Street Light Out Complaint,5,North Center,2023,278,274,4,2.49,11.16
Street Light Out Complaint,5,North Center,2024,301,300,1,2.65,11.69
Street Light Out Complaint,5,North Center,2025,228,224,4,1.48,10.08
Street Light Out Complaint,5,North Center,2026,164,158,6,2.36,10.2
Street Light Out Complaint,6,Lake View,2019,500,500,0,30.67,135.07
Street Light Out Complaint,6,Lake View,2020,361,361,0,11.91,42.67
Street Light Out Complaint,6,Lake View,2021,448,448,0,4.32,21.65
Street Light Out Complaint,6,Lake View,2022,532,532,0,5.63,100.38
Street Light Out Complaint,6,Lake View,2023,481,481,0,2.69,18.2
Street Light Out Complaint,6,Lake View,2024,547,546,1,2.52,11.84
Street Light Out Complaint,6,Lake View,2025,543,537,6,1.69,17.98
Street Light Out Complaint,6,Lake View,2026,338,325,13,2.67,13.38
Street Light Out Complaint,7,Lincoln Park,2019,463,463,0,37.13,135.56
Street Light Out Complaint,7,Lincoln Park,2020,394,394,0,14.76,45.84
Street Light Out Complaint,7,Lincoln Park,2021,497,497,0,5.03,22.73
Street Light Out Complaint,7,Lincoln Park,2022,450,445,5,4.8,93.39
Street Light Out Complaint,7,Lincoln Park,2023,507,503,4,3.92,37.81
Street Light Out Complaint,7,Lincoln Park,2024,587,584,3,3.3,29.65
Street Light Out Complaint,7,Lincoln Park,2025,568,562,6,2.83,26.08
Street Light Out Complaint,7,Lincoln Park,2026,518,474,44,3.42,29.56
Street Light Out Complaint,8,Near North Side,2019,458,458,0,35.69,168.6
Street Light Out Complaint,8,Near North Side,2020,577,577,0,14.51,37.4
Street Light Out Complaint,8,Near North Side,2021,697,697,0,7.71,35.16
Street Light Out Complaint,8,Near North Side,2022,616,607,9,11.45,115.44
Street Light Out Complaint,8,Near North Side,2023,539,538,1,5.77,84.31
Street Light Out Complaint,8,Near North Side,2024,525,516,9,4.82,83.58
Street Light Out Complaint,8,Near North Side,2025,599,587,12,3.74,42.29
Street Light Out Complaint,8,Near North Side,2026,452,391,61,4.14,28.1
Street Light Out Complaint,9,Edison Park,2019,186,186,0,24.02,91.83
Street Light Out Complaint,9,Edison Park,2020,102,102,0,15.54,41.08
Street Light Out Complaint,9,Edison Park,2021,257,257,0,5.6,19.32
Street Light Out Complaint,9,Edison Park,2022,271,271,0,5.25,31.87
Street Light Out Complaint,9,Edison Park,2023,139,139,0,4.1,57.98
Street Light Out Complaint,9,Edison Park,2024,193,192,1,2.32,21.6
Street Light Out Complaint,9,Edison Park,2025,162,162,0,2.84,14.66
Street Light Out Complaint,9,Edison Park,2026,131,124,7,2.36,9.4
Street Light Out Complaint,10,Norwood Park,2019,613,613,0,25.72,107.84
Street Light Out Complaint,10,Norwood Park,2020,661,661,0,12.41,34.97
Street Light Out Complaint,10,Norwood Park,2021,725,725,0,4.69,13.78
Street Light Out Complaint,10,Norwood Park,2022,598,597,1,4.32,30.73
Street Light Out Complaint,10,Norwood Park,2023,522,521,1,3.08,24.38
Street Light Out Complaint,10,Norwood Park,2024,518,517,1,2.91,20.61
Street Light Out Complaint,10,Norwood Park,2025,559,555,4,2.79,9.49
Street Light Out Complaint,10,Norwood Park,2026,360,354,6,2.5,7.34
Street Light Out Complaint,11,Jefferson Park,2019,337,337,0,31.38,114.03
Street Light Out Complaint,11,Jefferson Park,2020,359,359,0,12.71,35.41
Street Light Out Complaint,11,Jefferson Park,2021,362,362,0,3.24,9.49
Street Light Out Complaint,11,Jefferson Park,2022,382,381,1,3.76,27.06
Street Light Out Complaint,11,Jefferson Park,2023,282,282,0,2.59,9.25
Street Light Out Complaint,11,Jefferson Park,2024,254,254,0,2.42,8.67
Street Light Out Complaint,11,Jefferson Park,2025,211,208,3,2.23,9.98
Street Light Out Complaint,11,Jefferson Park,2026,232,229,3,1.93,6.09
Street Light Out Complaint,12,Forest Glen,2019,345,345,0,25.56,92.91
Street Light Out Complaint,12,Forest Glen,2020,375,375,0,12.57,34.42
Street Light Out Complaint,12,Forest Glen,2021,307,307,0,3.77,10.09
Street Light Out Complaint,12,Forest Glen,2022,352,352,0,3.66,23.95
Street Light Out Complaint,12,Forest Glen,2023,328,327,1,2.87,16.78
Street Light Out Complaint,12,Forest Glen,2024,263,261,2,2.95,17.68
Street Light Out Complaint,12,Forest Glen,2025,289,287,2,2.52,11.59
Street Light Out Complaint,12,Forest Glen,2026,223,219,4,2.28,9.63
Street Light Out Complaint,13,North Park,2019,248,248,0,22.94,93.22
Street Light Out Complaint,13,North Park,2020,213,213,0,14.48,39.92
Street Light Out Complaint,13,North Park,2021,167,167,0,3.18,13.07
Street Light Out Complaint,13,North Park,2022,182,180,2,3.71,26.11
Street Light Out Complaint,13,North Park,2023,195,192,3,1.93,7.77
Street Light Out Complaint,13,North Park,2024,204,204,0,2.83,15.18
Street Light Out Complaint,13,North Park,2025,191,185,6,2.65,12.51
Street Light Out Complaint,13,North Park,2026,105,100,5,2.2,11.56
Street Light Out Complaint,14,Albany Park,2019,320,320,0,27.43,107.1
Street Light Out Complaint,14,Albany Park,2020,407,407,0,11.46,30.04
Street Light Out Complaint,14,Albany Park,2021,353,353,0,3.89,12.93
Street Light Out Complaint,14,Albany Park,2022,342,342,0,3.65,21.7
Street Light Out Complaint,14,Albany Park,2023,278,278,0,2.47,15.01
Street Light Out Complaint,14,Albany Park,2024,299,297,2,2.52,19.94
Street Light Out Complaint,14,Albany Park,2025,302,295,7,2.67,10.6
Street Light Out Complaint,14,Albany Park,2026,248,243,5,2.61,8.63
Street Light Out Complaint,15,Portage Park,2019,733,733,0,24.86,89.23
Street Light Out Complaint,15,Portage Park,2020,1144,1144,0,9.35,27.02
Street Light Out Complaint,15,Portage Park,2021,803,803,0,3.37,8.68
Street Light Out Complaint,15,Portage Park,2022,729,728,1,4.55,32.54
Street Light Out Complaint,15,Portage Park,2023,565,562,3,2.37,9.83
Street Light Out Complaint,15,Portage Park,2024,697,693,4,2.21,9.99
Street Light Out Complaint,15,Portage Park,2025,615,612,3,2.16,6.68
Street Light Out Complaint,15,Portage Park,2026,451,440,11,1.94,6.58
Street Light Out Complaint,16,Irving Park,2019,548,548,0,28.54,96.82
Street Light Out Complaint,16,Irving Park,2020,692,692,0,11.65,32.5
Street Light Out Complaint,16,Irving Park,2021,569,569,0,3.08,10.15
Street Light Out Complaint,16,Irving Park,2022,643,643,0,4.62,37.48
Street Light Out Complaint,16,Irving Park,2023,513,510,3,2.91,14.27
Street Light Out Complaint,16,Irving Park,2024,523,522,1,3.36,22.51
Street Light Out Complaint,16,Irving Park,2025,567,567,0,2.08,7.99
Street Light Out Complaint,16,Irving Park,2026,337,330,7,2.58,12.01
Street Light Out Complaint,17,Dunning,2019,560,560,0,27.3,98.87
Street Light Out Complaint,17,Dunning,2020,773,773,0,9.82,24.36
Street Light Out Complaint,17,Dunning,2021,758,758,0,3.45,9.42
Street Light Out Complaint,17,Dunning,2022,673,673,0,4.48,34.34
Street Light Out Complaint,17,Dunning,2023,491,491,0,2.63,15.29
Street Light Out Complaint,17,Dunning,2024,683,683,0,2.16,9.38
Street Light Out Complaint,17,Dunning,2025,678,671,7,2.1,6.6
Street Light Out Complaint,17,Dunning,2026,452,438,14,1.7,7.26
Street Light Out Complaint,18,Montclare,2019,173,173,0,24.36,105.5
Street Light Out Complaint,18,Montclare,2020,242,242,0,10.39,23.54
Street Light Out Complaint,18,Montclare,2021,180,180,0,4.02,10.19
Street Light Out Complaint,18,Montclare,2022,110,109,1,4.47,48.6
Street Light Out Complaint,18,Montclare,2023,146,146,0,2.26,9.13
Street Light Out Complaint,18,Montclare,2024,198,198,0,3.48,16.38
Street Light Out Complaint,18,Montclare,2025,233,233,0,2.65,9.27
Street Light Out Complaint,18,Montclare,2026,119,117,2,2.52,10.41
Street Light Out Complaint,19,Belmont Cragin,2019,516,516,0,23.56,73.77
Street Light Out Complaint,19,Belmont Cragin,2020,925,925,0,8.44,25.38
Street Light Out Complaint,19,Belmont Cragin,2021,757,756,1,2.91,8.41
Street Light Out Complaint,19,Belmont Cragin,2022,704,704,0,3.64,21.33
Street Light Out Complaint,19,Belmont Cragin,2023,536,534,2,2.42,10.39
Street Light Out Complaint,19,Belmont Cragin,2024,681,680,1,2.63,9.25
Street Light Out Complaint,19,Belmont Cragin,2025,610,606,4,1.89,9.88
Street Light Out Complaint,19,Belmont Cragin,2026,402,392,10,2.18,7.64
Street Light Out Complaint,20,Hermosa,2019,159,159,0,29.24,99.02
Street Light Out Complaint,20,Hermosa,2020,282,282,0,8.5,22.7
Street Light Out Complaint,20,Hermosa,2021,189,189,0,4.29,11.63
Street Light Out Complaint,20,Hermosa,2022,176,176,0,3.94,39.97
Street Light Out Complaint,20,Hermosa,2023,196,196,0,4.12,24.61
Street Light Out Complaint,20,Hermosa,2024,217,215,2,2.35,18.62
Street Light Out Complaint,20,Hermosa,2025,268,267,1,1.99,11.32
Street Light Out Complaint,20,Hermosa,2026,138,134,4,2.72,10.71
Street Light Out Complaint,21,Avondale,2019,415,415,0,27.25,110.64
Street Light Out Complaint,21,Avondale,2020,406,406,0,13.73,41.55
Street Light Out Complaint,21,Avondale,2021,385,385,0,3.91,13.6
Street Light Out Complaint,21,Avondale,2022,426,426,0,3.81,37.67
Street Light Out Complaint,21,Avondale,2023,327,326,1,3.3,12.9
Street Light Out Complaint,21,Avondale,2024,349,348,1,2.53,7.56
Street Light Out Complaint,21,Avondale,2025,288,285,3,2.03,9.8
Street Light Out Complaint,21,Avondale,2026,261,259,2,1.69,6.58
Street Light Out Complaint,22,Logan Square,2019,753,753,0,25.84,105.55
Street Light Out Complaint,22,Logan Square,2020,714,714,0,12.4,34.88
Street Light Out Complaint,22,Logan Square,2021,626,626,0,3.65,13.61
Street Light Out Complaint,22,Logan Square,2022,653,653,0,4.43,61.63
Street Light Out Complaint,22,Logan Square,2023,551,549,2,2.89,15.8
Street Light Out Complaint,22,Logan Square,2024,758,755,3,2.64,12.25
Street Light Out Complaint,22,Logan Square,2025,561,558,3,1.68,7.86
Street Light Out Complaint,22,Logan Square,2026,444,437,7,1.86,8.05
Street Light Out Complaint,23,Humboldt Park,2019,468,468,0,30.08,126.57
Street Light Out Complaint,23,Humboldt Park,2020,494,494,0,13.35,34.95
Street Light Out Complaint,23,Humboldt Park,2021,345,345,0,5.36,21.3
Street Light Out Complaint,23,Humboldt Park,2022,379,379,0,4.57,43.26
Street Light Out Complaint,23,Humboldt Park,2023,426,423,3,3.68,21.19
Street Light Out Complaint,23,Humboldt Park,2024,442,438,4,2.93,20.06
Street Light Out Complaint,23,Humboldt Park,2025,374,365,9,2.66,13.81
Street Light Out Complaint,23,Humboldt Park,2026,409,378,31,2.37,9.69
Street Light Out Complaint,24,West Town,2019,873,873,0,30.36,118.57
Street Light Out Complaint,24,West Town,2020,885,885,0,13.75,34.24
Street Light Out Complaint,24,West Town,2021,808,808,0,4.38,13.67
Street Light Out Complaint,24,West Town,2022,817,815,2,5.21,41.94
Street Light Out Complaint,24,West Town,2023,704,699,5,2.65,12.11
Street Light Out Complaint,24,West Town,2024,768,760,8,2.74,15.82
Street Light Out Complaint,24,West Town,2025,711,707,4,1.67,8.7
Street Light Out Complaint,24,West Town,2026,557,540,17,1.99,7.98
Street Light Out Complaint,25,Austin,2019,1071,1071,0,28.58,131.06
Street Light Out Complaint,25,Austin,2020,1156,1156,0,14.4,38.33
Street Light Out Complaint,25,Austin,2021,920,919,1,3.96,12.79
Street Light Out Complaint,25,Austin,2022,926,925,1,5.72,49.69
Street Light Out Complaint,25,Austin,2023,1060,1053,7,3.5,20.99
Street Light Out Complaint,25,Austin,2024,1020,1013,7,3.01,11.47
Street Light Out Complaint,25,Austin,2025,984,957,27,2.18,10.63
Street Light Out Complaint,25,Austin,2026,734,705,29,2.75,11.26
Street Light Out Complaint,26,West Garfield Park,2019,314,314,0,25.53,132.38
Street Light Out Complaint,26,West Garfield Park,2020,314,314,0,15.16,35.66
Street Light Out Complaint,26,West Garfield Park,2021,189,189,0,4.94,15.21
Street Light Out Complaint,26,West Garfield Park,2022,275,275,0,5.06,20.97
Street Light Out Complaint,26,West Garfield Park,2023,170,169,1,4.28,21.15
Street Light Out Complaint,26,West Garfield Park,2024,184,183,1,2.9,23.93
Street Light Out Complaint,26,West Garfield Park,2025,234,228,6,2.75,63.73
Street Light Out Complaint,26,West Garfield Park,2026,136,128,8,2.83,12.93
Street Light Out Complaint,27,East Garfield Park,2019,370,370,0,34.45,139.61
Street Light Out Complaint,27,East Garfield Park,2020,375,375,0,16.82,46.28
Street Light Out Complaint,27,East Garfield Park,2021,459,459,0,5.71,18.04
Street Light Out Complaint,27,East Garfield Park,2022,352,350,2,9.78,61.31
Street Light Out Complaint,27,East Garfield Park,2023,266,263,3,4.31,22.2
Street Light Out Complaint,27,East Garfield Park,2024,296,295,1,3.8,24.77
Street Light Out Complaint,27,East Garfield Park,2025,265,256,9,2.67,8.3
Street Light Out Complaint,27,East Garfield Park,2026,210,198,12,2.59,12.11
Street Light Out Complaint,28,Near West Side,2019,716,716,0,35.57,153.4
Street Light Out Complaint,28,Near West Side,2020,600,600,0,19.23,49.9
Street Light Out Complaint,28,Near West Side,2021,918,918,0,6.55,28.52
Street Light Out Complaint,28,Near West Side,2022,845,843,2,7.38,95.62
Street Light Out Complaint,28,Near West Side,2023,849,848,1,2.98,19.63
Street Light Out Complaint,28,Near West Side,2024,793,789,4,3.48,31.73
Street Light Out Complaint,28,Near West Side,2025,669,668,1,2.06,13.24
Street Light Out Complaint,28,Near West Side,2026,585,541,44,2.7,17.63
Street Light Out Complaint,29,North Lawndale,2019,516,516,0,29.85,130.22
Street Light Out Complaint,29,North Lawndale,2020,637,637,0,15.4,43.16
Street Light Out Complaint,29,North Lawndale,2021,524,524,0,5.05,14.63
Street Light Out Complaint,29,North Lawndale,2022,662,662,0,5.79,38.15
Street Light Out Complaint,29,North Lawndale,2023,446,445,1,3.62,17.71
Street Light Out Complaint,29,North Lawndale,2024,474,470,4,3.64,18.74
Street Light Out Complaint,29,North Lawndale,2025,508,497,11,2.7,9.13
Street Light Out Complaint,29,North Lawndale,2026,323,316,7,2.6,13.98
Street Light Out Complaint,30,South Lawndale,2019,545,545,0,27.91,112.22
Street Light Out Complaint,30,South Lawndale,2020,727,727,0,13.56,44.58
Street Light Out Complaint,30,South Lawndale,2021,545,545,0,4.66,18.39
Street Light Out Complaint,30,South Lawndale,2022,607,607,0,5.74,44.01
Street Light Out Complaint,30,South Lawndale,2023,635,634,1,3.08,13.56
Street Light Out Complaint,30,South Lawndale,2024,756,752,4,3.54,17.6
Street Light Out Complaint,30,South Lawndale,2025,715,706,9,2.04,11.1
Street Light Out Complaint,30,South Lawndale,2026,617,586,31,2.63,13.84
Street Light Out Complaint,31,Lower West Side,2019,512,512,0,25.5,136.07
Street Light Out Complaint,31,Lower West Side,2020,743,743,0,11.43,35.91
Street Light Out Complaint,31,Lower West Side,2021,918,918,0,3.77,11.06
Street Light Out Complaint,31,Lower West Side,2022,959,959,0,3.46,19.55
Street Light Out Complaint,31,Lower West Side,2023,620,618,2,2.23,9.27
Street Light Out Complaint,31,Lower West Side,2024,647,647,0,2.16,8.82
Street Light Out Complaint,31,Lower West Side,2025,524,517,7,1.67,6.6
Street Light Out Complaint,31,Lower West Side,2026,435,422,13,1.94,11.2
Street Light Out Complaint,32,Loop,2019,384,384,0,42.97,191.7
Street Light Out Complaint,32,Loop,2020,235,235,0,25.78,88.37
Street Light Out Complaint,32,Loop,2021,359,359,0,14.0,213.61
Street Light Out Complaint,32,Loop,2022,528,526,2,18.69,173.72
Street Light Out Complaint,32,Loop,2023,430,422,8,5.54,59.27
Street Light Out Complaint,32,Loop,2024,343,338,5,6.38,92.92
Street Light Out Complaint,32,Loop,2025,451,444,7,5.31,33.17
Street Light Out Complaint,32,Loop,2026,359,348,11,4.84,50.26
Street Light Out Complaint,33,Near South Side,2019,164,164,0,32.46,161.73
Street Light Out Complaint,33,Near South Side,2020,202,202,0,14.4,46.07
Street Light Out Complaint,33,Near South Side,2021,285,285,0,6.49,27.62
Street Light Out Complaint,33,Near South Side,2022,224,222,2,11.47,154.09
Street Light Out Complaint,33,Near South Side,2023,218,218,0,3.95,57.82
Street Light Out Complaint,33,Near South Side,2024,215,214,1,3.35,27.65
Street Light Out Complaint,33,Near South Side,2025,188,186,2,2.7,18.46
Street Light Out Complaint,33,Near South Side,2026,138,119,19,3.17,36.08
Street Light Out Complaint,34,Armour Square,2019,160,160,0,28.71,121.76
Street Light Out Complaint,34,Armour Square,2020,194,194,0,13.21,47.41
Street Light Out Complaint,34,Armour Square,2021,221,221,0,4.5,15.07
Street Light Out Complaint,34,Armour Square,2022,191,191,0,4.42,35.08
Street Light Out Complaint,34,Armour Square,2023,156,156,0,2.4,11.99
Street Light Out Complaint,34,Armour Square,2024,176,176,0,2.84,11.45
Street Light Out Complaint,34,Armour Square,2025,272,268,4,1.23,5.7
Street Light Out Complaint,34,Armour Square,2026,193,184,9,2.59,12.81
Street Light Out Complaint,35,Douglas,2019,225,225,0,26.44,144.3
Street Light Out Complaint,35,Douglas,2020,252,252,0,16.41,49.96
Street Light Out Complaint,35,Douglas,2021,251,251,0,5.94,17.69
Street Light Out Complaint,35,Douglas,2022,217,216,1,5.0,49.7
Street Light Out Complaint,35,Douglas,2023,261,258,3,3.84,38.46
Street Light Out Complaint,35,Douglas,2024,254,253,1,2.48,8.99
Street Light Out Complaint,35,Douglas,2025,332,325,7,1.79,6.36
Street Light Out Complaint,35,Douglas,2026,188,179,9,2.78,15.68
Street Light Out Complaint,36,Oakland,2019,54,54,0,32.3,162.57
Street Light Out Complaint,36,Oakland,2020,60,60,0,20.25,70.87
Street Light Out Complaint,36,Oakland,2021,58,58,0,6.48,19.2
Street Light Out Complaint,36,Oakland,2022,37,37,0,9.35,136.41
Street Light Out Complaint,36,Oakland,2023,79,79,0,4.98,106.21
Street Light Out Complaint,36,Oakland,2024,75,75,0,2.83,17.09
Street Light Out Complaint,36,Oakland,2025,58,57,1,2.94,22.03
Street Light Out Complaint,36,Oakland,2026,34,32,2,5.61,28.41
Street Light Out Complaint,37,Fuller Park,2019,55,55,0,27.47,137.66
Street Light Out Complaint,37,Fuller Park,2020,52,52,0,17.22,62.13
Street Light Out Complaint,37,Fuller Park,2021,86,86,0,7.1,19.08
Street Light Out Complaint,37,Fuller Park,2022,38,38,0,4.17,29.14
Street Light Out Complaint,37,Fuller Park,2023,51,51,0,4.44,16.64
Street Light Out Complaint,37,Fuller Park,2024,54,50,4,2.68,91.16
Street Light Out Complaint,37,Fuller Park,2025,92,92,0,1.56,8.36
Street Light Out Complaint,37,Fuller Park,2026,40,33,7,3.25,14.86
Street Light Out Complaint,38,Grand Boulevard,2019,328,328,0,26.87,141.0
Street Light Out Complaint,38,Grand Boulevard,2020,334,334,0,14.84,48.75
Street Light Out Complaint,38,Grand Boulevard,2021,322,320,2,4.87,20.67
Street Light Out Complaint,38,Grand Boulevard,2022,348,348,0,4.67,47.83
Street Light Out Complaint,38,Grand Boulevard,2023,287,286,1,2.96,26.15
Street Light Out Complaint,38,Grand Boulevard,2024,328,327,1,2.56,11.99
Street Light Out Complaint,38,Grand Boulevard,2025,376,371,5,1.56,8.06
Street Light Out Complaint,38,Grand Boulevard,2026,237,227,10,3.4,19.97
Street Light Out Complaint,39,Kenwood,2019,139,139,0,30.64,140.75
Street Light Out Complaint,39,Kenwood,2020,125,125,0,13.76,38.9
Street Light Out Complaint,39,Kenwood,2021,165,165,0,4.85,19.1
Street Light Out Complaint,39,Kenwood,2022,174,174,0,3.7,30.03
Street Light Out Complaint,39,Kenwood,2023,177,177,0,3.97,64.3
Street Light Out Complaint,39,Kenwood,2024,152,150,2,2.67,13.17
Street Light Out Complaint,39,Kenwood,2025,174,172,2,2.05,12.6
Street Light Out Complaint,39,Kenwood,2026,122,113,9,3.06,15.38
Street Light Out Complaint,40,Washington Park,2019,186,186,0,26.99,111.02
Street Light Out Complaint,40,Washington Park,2020,226,226,0,13.3,38.61
Street Light Out Complaint,40,Washington Park,2021,235,235,0,4.18,14.56
Street Light Out Complaint,40,Washington Park,2022,200,199,1,5.14,23.25
Street Light Out Complaint,40,Washington Park,2023,261,261,0,3.38,13.85
Street Light Out Complaint,40,Washington Park,2024,228,227,1,3.39,10.37
Street Light Out Complaint,40,Washington Park,2025,212,210,2,1.67,9.2
Street Light Out Complaint,40,Washington Park,2026,235,224,11,2.65,19.28
Street Light Out Complaint,41,Hyde Park,2019,246,246,0,28.2,115.09
Street Light Out Complaint,41,Hyde Park,2020,217,217,0,17.54,67.08
Street Light Out Complaint,41,Hyde Park,2021,239,239,0,5.57,19.96
Street Light Out Complaint,41,Hyde Park,2022,192,190,2,5.5,40.9
Street Light Out Complaint,41,Hyde Park,2023,275,271,4,4.0,32.08
Street Light Out Complaint,41,Hyde Park,2024,271,268,3,3.38,23.46
Street Light Out Complaint,41,Hyde Park,2025,219,219,0,3.11,17.07
Street Light Out Complaint,41,Hyde Park,2026,209,205,4,4.19,22.7
Street Light Out Complaint,42,Woodlawn,2019,353,353,0,29.99,115.4
Street Light Out Complaint,42,Woodlawn,2020,336,336,0,13.31,52.71
Street Light Out Complaint,42,Woodlawn,2021,335,335,0,4.8,17.92
Street Light Out Complaint,42,Woodlawn,2022,196,196,0,6.69,56.24
Street Light Out Complaint,42,Woodlawn,2023,219,213,6,4.05,17.73
Street Light Out Complaint,42,Woodlawn,2024,300,294,6,4.27,24.62
Street Light Out Complaint,42,Woodlawn,2025,202,202,0,2.77,18.53
Street Light Out Complaint,42,Woodlawn,2026,166,157,9,4.92,36.3
Street Light Out Complaint,43,South Shore,2019,587,587,0,29.16,136.79
Street Light Out Complaint,43,South Shore,2020,662,662,0,14.34,55.4
Street Light Out Complaint,43,South Shore,2021,628,628,0,6.56,21.97
Street Light Out Complaint,43,South Shore,2022,535,534,1,5.33,29.37
Street Light Out Complaint,43,South Shore,2023,547,545,2,3.11,12.35
Street Light Out Complaint,43,South Shore,2024,563,559,4,3.44,23.26
Street Light Out Complaint,43,South Shore,2025,434,431,3,2.65,15.71
Street Light Out Complaint,43,South Shore,2026,313,298,15,4.33,26.06
Street Light Out Complaint,44,Chatham,2019,697,697,0,25.79,118.36
Street Light Out Complaint,44,Chatham,2020,645,645,0,15.27,42.93
Street Light Out Complaint,44,Chatham,2021,488,488,0,5.69,17.86
Street Light Out Complaint,44,Chatham,2022,569,568,1,5.72,37.25
Street Light Out Complaint,44,Chatham,2023,525,519,6,3.42,16.35
Street Light Out Complaint,44,Chatham,2024,417,415,2,3.04,14.88
Street Light Out Complaint,44,Chatham,2025,483,478,5,2.63,10.69
Street Light Out Complaint,44,Chatham,2026,354,344,10,2.95,19.55
Street Light Out Complaint,45,Avalon Park,2019,302,302,0,27.7,102.02
Street Light Out Complaint,45,Avalon Park,2020,281,281,0,12.35,41.97
Street Light Out Complaint,45,Avalon Park,2021,206,206,0,5.22,14.71
Street Light Out Complaint,45,Avalon Park,2022,169,168,1,4.83,38.36
Street Light Out Complaint,45,Avalon Park,2023,203,203,0,2.72,15.44
Street Light Out Complaint,45,Avalon Park,2024,140,138,2,2.96,16.75
Street Light Out Complaint,45,Avalon Park,2025,194,190,4,2.57,18.57
Street Light Out Complaint,45,Avalon Park,2026,142,136,6,2.98,9.44
Street Light Out Complaint,46,South Chicago,2019,635,635,0,25.87,129.46
Street Light Out Complaint,46,South Chicago,2020,482,482,0,12.69,39.91
Street Light Out Complaint,46,South Chicago,2021,599,599,0,6.37,18.53
Street Light Out Complaint,46,South Chicago,2022,580,578,2,4.94,30.63
Street Light Out Complaint,46,South Chicago,2023,523,521,2,3.38,11.9
Street Light Out Complaint,46,South Chicago,2024,586,580,6,2.9,11.89
Street Light Out Complaint,46,South Chicago,2025,678,671,7,2.33,9.95
Street Light Out Complaint,46,South Chicago,2026,456,445,11,2.9,15.25
Street Light Out Complaint,47,Burnside,2019,66,66,0,22.08,143.34
Street Light Out Complaint,47,Burnside,2020,49,49,0,19.11,30.42
Street Light Out Complaint,47,Burnside,2021,31,31,0,5.25,24.86
Street Light Out Complaint,47,Burnside,2022,64,64,0,5.42,57.29
Street Light Out Complaint,47,Burnside,2023,48,48,0,3.8,10.94
Street Light Out Complaint,47,Burnside,2024,46,46,0,2.4,8.97
Street Light Out Complaint,47,Burnside,2025,55,54,1,2.01,17.27
Street Light Out Complaint,47,Burnside,2026,54,54,0,2.57,7.97
Street Light Out Complaint,48,Calumet Heights,2019,386,386,0,26.62,146.23
Street Light Out Complaint,48,Calumet Heights,2020,323,323,0,11.59,40.51
Street Light Out Complaint,48,Calumet Heights,2021,401,401,0,4.88,15.62
Street Light Out Complaint,48,Calumet Heights,2022,364,363,1,4.6,25.39
Street Light Out Complaint,48,Calumet Heights,2023,322,320,2,1.95,7.17
Street Light Out Complaint,48,Calumet Heights,2024,323,319,4,2.48,7.65
Street Light Out Complaint,48,Calumet Heights,2025,382,373,9,2.62,9.71
Street Light Out Complaint,48,Calumet Heights,2026,316,306,10,2.49,7.18
Street Light Out Complaint,49,Roseland,2019,883,883,0,27.79,153.32
Street Light Out Complaint,49,Roseland,2020,940,940,0,14.42,37.45
Street Light Out Complaint,49,Roseland,2021,1192,1192,0,5.48,15.72
Street Light Out Complaint,49,Roseland,2022,1222,1220,2,4.97,40.26
Street Light Out Complaint,49,Roseland,2023,841,837,4,2.88,14.38
Street Light Out Complaint,49,Roseland,2024,941,933,8,2.36,7.15
Street Light Out Complaint,49,Roseland,2025,927,916,11,2.36,11.58
Street Light Out Complaint,49,Roseland,2026,738,713,25,2.54,20.04
Street Light Out Complaint,50,Pullman,2019,133,133,0,32.01,140.4
Street Light Out Complaint,50,Pullman,2020,93,93,0,15.71,68.34
Street Light Out Complaint,50,Pullman,2021,157,156,1,6.03,18.9
Street Light Out Complaint,50,Pullman,2022,145,143,2,7.15,50.63
Street Light Out Complaint,50,Pullman,2023,180,179,1,2.96,7.99
Street Light Out Complaint,50,Pullman,2024,172,172,0,3.51,7.82
Street Light Out Complaint,50,Pullman,2025,141,138,3,2.64,10.89
Street Light Out Complaint,50,Pullman,2026,101,99,2,2.75,17.71
Street Light Out Complaint,51,South Deering,2019,342,342,0,27.58,139.15
Street Light Out Complaint,51,South Deering,2020,416,416,0,15.66,49.81
Street Light Out Complaint,51,South Deering,2021,383,383,0,5.17,16.65
Street Light Out Complaint,51,South Deering,2022,467,462,5,4.64,30.04
Street Light Out Complaint,51,South Deering,2023,354,348,6,2.96,13.15
Street Light Out Complaint,51,South Deering,2024,405,399,6,2.98,10.21
Street Light Out Complaint,51,South Deering,2025,449,433,16,2.63,11.57
Street Light Out Complaint,51,South Deering,2026,347,335,12,1.92,12.57
Street Light Out Complaint,52,East Side,2019,560,560,0,28.1,119.73
Street Light Out Complaint,52,East Side,2020,446,446,0,16.65,46.34
Street Light Out Complaint,52,East Side,2021,573,573,0,6.07,21.35
Street Light Out Complaint,52,East Side,2022,418,417,1,4.71,25.19
Street Light Out Complaint,52,East Side,2023,467,463,4,3.36,11.89
Street Light Out Complaint,52,East Side,2024,395,391,4,2.27,11.01
Street Light Out Complaint,52,East Side,2025,450,440,10,2.63,8.73
Street Light Out Complaint,52,East Side,2026,332,319,13,1.98,9.59
Street Light Out Complaint,53,West Pullman,2019,672,672,0,27.76,141.55
Street Light Out Complaint,53,West Pullman,2020,523,523,0,15.01,41.27
Street Light Out Complaint,53,West Pullman,2021,846,845,1,5.02,20.44
Street Light Out Complaint,53,West Pullman,2022,717,715,2,5.7,37.88
Street Light Out Complaint,53,West Pullman,2023,620,618,2,2.96,20.09
Street Light Out Complaint,53,West Pullman,2024,627,626,1,2.81,10.1
Street Light Out Complaint,53,West Pullman,2025,568,560,8,2.57,8.66
Street Light Out Complaint,53,West Pullman,2026,550,538,12,3.19,20.49
Street Light Out Complaint,54,Riverdale,2019,116,116,0,34.31,167.68
Street Light Out Complaint,54,Riverdale,2020,70,70,0,17.0,48.5
Street Light Out Complaint,54,Riverdale,2021,107,107,0,7.89,23.79
Street Light Out Complaint,54,Riverdale,2022,61,58,3,12.67,91.5
Street Light Out Complaint,54,Riverdale,2023,122,119,3,4.03,50.25
Street Light Out Complaint,54,Riverdale,2024,119,115,4,1.7,12.87
Street Light Out Complaint,54,Riverdale,2025,124,120,4,2.86,9.03
Street Light Out Complaint,54,Riverdale,2026,85,83,2,2.58,9.58
Street Light Out Complaint,55,Hegewisch,2019,315,315,0,30.61,134.54
Street Light Out Complaint,55,Hegewisch,2020,324,324,0,14.08,45.04
Street Light Out Complaint,55,Hegewisch,2021,218,218,0,6.99,26.52
Street Light Out Complaint,55,Hegewisch,2022,158,154,4,4.69,60.14
Street Light Out Complaint,55,Hegewisch,2023,194,189,5,3.49,15.88
Street Light Out Complaint,55,Hegewisch,2024,292,290,2,2.25,12.48
Street Light Out Complaint,55,Hegewisch,2025,323,314,9,2.4,8.76
Street Light Out Complaint,55,Hegewisch,2026,196,191,5,1.84,7.03
Street Light Out Complaint,56,Garfield Ridge,2019,704,704,0,25.26,96.0
Street Light Out Complaint,56,Garfield Ridge,2020,717,717,0,13.36,43.04
Street Light Out Complaint,56,Garfield Ridge,2021,929,929,0,4.36,14.77
Street Light Out Complaint,56,Garfield Ridge,2022,653,653,0,4.22,16.99
Street Light Out Complaint,56,Garfield Ridge,2023,681,679,2,3.09,13.64
Street Light Out Complaint,56,Garfield Ridge,2024,465,465,0,2.56,10.61
Street Light Out Complaint,56,Garfield Ridge,2025,570,569,1,1.78,11.78
Street Light Out Complaint,56,Garfield Ridge,2026,478,468,10,1.96,16.84
Street Light Out Complaint,57,Archer Heights,2019,143,143,0,27.89,114.33
Street Light Out Complaint,57,Archer Heights,2020,162,162,0,21.67,66.44
Street Light Out Complaint,57,Archer Heights,2021,120,120,0,3.8,17.71
Street Light Out Complaint,57,Archer Heights,2022,176,176,0,4.13,31.23
Street Light Out Complaint,57,Archer Heights,2023,194,194,0,3.2,33.86
Street Light Out Complaint,57,Archer Heights,2024,131,128,3,3.0,29.77
Street Light Out Complaint,57,Archer Heights,2025,184,181,3,2.8,10.77
Street Light Out Complaint,57,Archer Heights,2026,148,136,12,2.12,20.7
Street Light Out Complaint,58,Brighton Park,2019,421,421,0,22.43,91.53
Street Light Out Complaint,58,Brighton Park,2020,448,448,0,11.32,39.55
Street Light Out Complaint,58,Brighton Park,2021,439,439,0,4.8,16.66
Street Light Out Complaint,58,Brighton Park,2022,308,308,0,4.81,46.71
Street Light Out Complaint,58,Brighton Park,2023,310,309,1,3.13,10.75
Street Light Out Complaint,58,Brighton Park,2024,327,326,1,2.74,8.73
Street Light Out Complaint,58,Brighton Park,2025,457,452,5,2.11,7.17
Street Light Out Complaint,58,Brighton Park,2026,417,413,4,2.69,13.51
Street Light Out Complaint,59,McKinley Park,2019,291,291,0,22.36,76.62
Street Light Out Complaint,59,McKinley Park,2020,292,292,0,12.81,49.16
Street Light Out Complaint,59,McKinley Park,2021,166,166,0,5.85,27.12
Street Light Out Complaint,59,McKinley Park,2022,197,197,0,4.31,42.66
Street Light Out Complaint,59,McKinley Park,2023,278,277,1,3.65,17.05
Street Light Out Complaint,59,McKinley Park,2024,175,174,1,3.25,12.17
Street Light Out Complaint,59,McKinley Park,2025,188,184,4,2.66,14.54
Street Light Out Complaint,59,McKinley Park,2026,141,136,5,3.57,35.94
Street Light Out Complaint,60,Bridgeport,2019,319,319,0,27.59,126.48
Street Light Out Complaint,60,Bridgeport,2020,387,387,0,14.7,45.94
Street Light Out Complaint,60,Bridgeport,2021,404,404,0,3.52,17.15
Street Light Out Complaint,60,Bridgeport,2022,356,356,0,3.73,49.18
Street Light Out Complaint,60,Bridgeport,2023,354,352,2,2.09,16.26
Street Light Out Complaint,60,Bridgeport,2024,445,445,0,2.57,11.59
Street Light Out Complaint,60,Bridgeport,2025,438,433,5,1.69,7.81
Street Light Out Complaint,60,Bridgeport,2026,272,263,9,2.64,11.94
Street Light Out Complaint,61,New City,2019,661,661,0,26.9,97.17
Street Light Out Complaint,61,New City,2020,631,631,0,15.44,46.24
Street Light Out Complaint,61,New City,2021,662,662,0,5.43,19.7
Street Light Out Complaint,61,New City,2022,531,531,0,4.22,25.39
Street Light Out Complaint,61,New City,2023,595,588,7,2.81,12.88
Street Light Out Complaint,61,New City,2024,807,801,6,3.37,13.19
Street Light Out Complaint,61,New City,2025,763,748,15,2.29,9.6
Street Light Out Complaint,61,New City,2026,585,575,10,2.85,13.33
Street Light Out Complaint,62,West Elsdon,2019,206,206,0,25.6,110.72
Street Light Out Complaint,62,West Elsdon,2020,314,314,0,11.65,33.95
Street Light Out Complaint,62,West Elsdon,2021,214,214,0,3.68,15.23
Street Light Out Complaint,62,West Elsdon,2022,190,189,1,4.59,64.7
Street Light Out Complaint,62,West Elsdon,2023,131,131,0,2.74,7.67
Street Light Out Complaint,62,West Elsdon,2024,264,264,0,2.6,7.36
Street Light Out Complaint,62,West Elsdon,2025,201,200,1,2.03,7.33
Street Light Out Complaint,62,West Elsdon,2026,104,101,3,2.64,13.64
Street Light Out Complaint,63,Gage Park,2019,224,224,0,21.18,90.19
Street Light Out Complaint,63,Gage Park,2020,281,281,0,16.37,56.4
Street Light Out Complaint,63,Gage Park,2021,442,442,0,6.02,16.65
Street Light Out Complaint,63,Gage Park,2022,418,418,0,6.24,27.85
Street Light Out Complaint,63,Gage Park,2023,428,424,4,3.28,13.45
Street Light Out Complaint,63,Gage Park,2024,464,460,4,3.02,10.93
Street Light Out Complaint,63,Gage Park,2025,388,380,8,2.56,8.76
Street Light Out Complaint,63,Gage Park,2026,226,216,10,3.84,23.15
Street Light Out Complaint,64,Clearing,2019,481,481,0,25.37,102.21
Street Light Out Complaint,64,Clearing,2020,392,392,0,13.08,46.25
Street Light Out Complaint,64,Clearing,2021,623,623,0,5.66,15.47
Street Light Out Complaint,64,Clearing,2022,428,426,2,4.64,27.34
Street Light Out Complaint,64,Clearing,2023,373,369,4,3.06,16.33
Street Light Out Complaint,64,Clearing,2024,251,250,1,1.91,6.67
Street Light Out Complaint,64,Clearing,2025,196,190,6,3.54,36.44
Street Light Out Complaint,64,Clearing,2026,164,148,16,4.66,38.84
Street Light Out Complaint,65,West Lawn,2019,441,441,0,26.48,90.04
Street Light Out Complaint,65,West Lawn,2020,564,564,0,13.86,53.7
Street Light Out Complaint,65,West Lawn,2021,480,480,0,5.37,15.27
Street Light Out Complaint,65,West Lawn,2022,345,344,1,4.38,33.42
Street Light Out Complaint,65,West Lawn,2023,364,363,1,2.92,12.63
Street Light Out Complaint,65,West Lawn,2024,318,315,3,2.73,11.16
Street Light Out Complaint,65,West Lawn,2025,286,279,7,1.98,9.56
Street Light Out Complaint,65,West Lawn,2026,251,235,16,2.62,21.4
Street Light Out Complaint,66,Chicago Lawn,2019,589,589,0,24.94,98.43
Street Light Out Complaint,66,Chicago Lawn,2020,583,583,0,12.53,39.28
Street Light Out Complaint,66,Chicago Lawn,2021,628,627,1,6.22,21.53
Street Light Out Complaint,66,Chicago Lawn,2022,541,541,0,4.82,26.18
Street Light Out Complaint,66,Chicago Lawn,2023,519,519,0,2.66,13.26
Street Light Out Complaint,66,Chicago Lawn,2024,615,606,9,2.84,13.63
Street Light Out Complaint,66,Chicago Lawn,2025,468,462,6,2.6,13.75
Street Light Out Complaint,66,Chicago Lawn,2026,514,500,14,3.26,20.25
Street Light Out Complaint,67,West Englewood,2019,548,548,0,27.36,119.64
Street Light Out Complaint,67,West Englewood,2020,487,487,0,17.1,55.9
Street Light Out Complaint,67,West Englewood,2021,479,477,2,5.66,21.92
Street Light Out Complaint,67,West Englewood,2022,476,475,1,5.94,45.33
Street Light Out Complaint,67,West Englewood,2023,414,413,1,3.82,20.43
Street Light Out Complaint,67,West Englewood,2024,401,388,13,3.03,14.01
Street Light Out Complaint,67,West Englewood,2025,344,335,9,3.31,23.89
Street Light Out Complaint,67,West Englewood,2026,339,309,30,4.15,27.33
Street Light Out Complaint,68,Englewood,2019,444,444,0,33.49,144.3
Street Light Out Complaint,68,Englewood,2020,409,409,0,15.74,49.5
Street Light Out Complaint,68,Englewood,2021,600,600,0,6.68,27.44
Street Light Out Complaint,68,Englewood,2022,427,425,2,6.25,34.89
Street Light Out Complaint,68,Englewood,2023,364,358,6,3.64,26.15
Street Light Out Complaint,68,Englewood,2024,408,404,4,3.83,12.55
Street Light Out Complaint,68,Englewood,2025,344,326,18,2.83,16.07
Street Light Out Complaint,68,Englewood,2026,304,292,12,4.81,25.57
Street Light Out Complaint,69,Greater Grand Crossing,2019,638,638,0,28.45,133.77
Street Light Out Complaint,69,Greater Grand Crossing,2020,540,540,0,14.45,49.99
Street Light Out Complaint,69,Greater Grand Crossing,2021,551,551,0,4.88,15.31
Street Light Out Complaint,69,Greater Grand Crossing,2022,590,586,4,5.22,30.33
Street Light Out Complaint,69,Greater Grand Crossing,2023,442,441,1,3.67,19.4
Street Light Out Complaint,69,Greater Grand Crossing,2024,564,563,1,3.46,16.08
Street Light Out Complaint,69,Greater Grand Crossing,2025,534,530,4,2.62,8.17
Street Light Out Complaint,69,Greater Grand Crossing,2026,365,352,13,4.51,25.78
Street Light Out Complaint,70,Ashburn,2019,794,794,0,24.39,101.73
Street Light Out Complaint,70,Ashburn,2020,631,631,0,11.91,37.6
Street Light Out Complaint,70,Ashburn,2021,831,831,0,5.67,13.21
Street Light Out Complaint,70,Ashburn,2022,642,641,1,4.1,17.26
Street Light Out Complaint,70,Ashburn,2023,514,508,6,2.99,13.0
Street Light Out Complaint,70,Ashburn,2024,664,662,2,2.84,9.87
Street Light Out Complaint,70,Ashburn,2025,527,517,10,2.63,13.68
Street Light Out Complaint,70,Ashburn,2026,509,483,26,2.93,30.89
Street Light Out Complaint,71,Auburn Gresham,2019,736,736,0,26.11,110.54
Street Light Out Complaint,71,Auburn Gresham,2020,683,683,0,14.59,42.43
Street Light Out Complaint,71,Auburn Gresham,2021,684,684,0,5.63,19.15
Street Light Out Complaint,71,Auburn Gresham,2022,718,718,0,4.97,29.58
Street Light Out Complaint,71,Auburn Gresham,2023,596,593,3,3.27,16.92
Street Light Out Complaint,71,Auburn Gresham,2024,560,551,9,2.81,9.36
Street Light Out Complaint,71,Auburn Gresham,2025,757,749,8,2.69,9.94
Street Light Out Complaint,71,Auburn Gresham,2026,494,477,17,3.46,27.19
Street Light Out Complaint,72,Beverly,2019,575,575,0,26.22,98.49
Street Light Out Complaint,72,Beverly,2020,281,281,0,15.03,33.38
Street Light Out Complaint,72,Beverly,2021,471,471,0,4.68,14.8
Street Light Out Complaint,72,Beverly,2022,406,406,0,4.08,17.84
Street Light Out Complaint,72,Beverly,2023,398,394,4,2.55,9.6
Street Light Out Complaint,72,Beverly,2024,399,398,1,2.78,12.48
Street Light Out Complaint,72,Beverly,2025,446,440,6,2.31,11.27
Street Light Out Complaint,72,Beverly,2026,284,276,8,2.78,18.83
Street Light Out Complaint,73,Washington Heights,2019,725,725,0,27.55,107.09
Street Light Out Complaint,73,Washington Heights,2020,525,525,0,12.3,34.84
Street Light Out Complaint,73,Washington Heights,2021,630,630,0,5.35,17.74
Street Light Out Complaint,73,Washington Heights,2022,583,580,3,4.89,33.11
Street Light Out Complaint,73,Washington Heights,2023,435,430,5,2.69,11.61
Street Light Out Complaint,73,Washington Heights,2024,555,553,2,2.62,10.57
Street Light Out Complaint,73,Washington Heights,2025,508,505,3,2.61,12.54
Street Light Out Complaint,73,Washington Heights,2026,446,433,13,2.81,22.01
Street Light Out Complaint,74,Mount Greenwood,2019,389,389,0,25.57,90.09
Street Light Out Complaint,74,Mount Greenwood,2020,223,223,0,12.68,37.71
Street Light Out Complaint,74,Mount Greenwood,2021,204,204,0,4.01,14.75
Street Light Out Complaint,74,Mount Greenwood,2022,199,199,0,4.5,15.66
Street Light Out Complaint,74,Mount Greenwood,2023,280,277,3,3.54,17.24
Street Light Out Complaint,74,Mount Greenwood,2024,231,229,2,2.8,12.13
Street Light Out Complaint,74,Mount Greenwood,2025,177,176,1,3.26,9.2
Street Light Out Complaint,74,Mount Greenwood,2026,126,122,4,2.52,10.58
Street Light Out Complaint,75,Morgan Park,2019,731,731,0,28.67,105.03
Street Light Out Complaint,75,Morgan Park,2020,541,541,0,13.67,39.94
Street Light Out Complaint,75,Morgan Park,2021,570,570,0,5.8,18.3
Street Light Out Complaint,75,Morgan Park,2022,390,385,5,5.48,36.52
Street Light Out Complaint,75,Morgan Park,2023,483,479,4,2.72,13.24
Street Light Out Complaint,75,Morgan Park,2024,438,436,2,2.77,12.4
Street Light Out Complaint,75,Morgan Park,2025,417,415,2,2.62,17.34
Street Light Out Complaint,75,Morgan Park,2026,351,334,17,4.09,28.64
Street Light Out Complaint,76,O'Hare,2019,77,77,0,28.14,117.68
Street Light Out Complaint,76,O'Hare,2020,70,70,0,14.87,44.18
Street Light Out Complaint,76,O'Hare,2021,108,108,0,6.71,31.57
Street Light Out Complaint,76,O'Hare,2022,125,124,1,6.69,41.52
Street Light Out Complaint,76,O'Hare,2023,80,79,1,3.77,32.85
Street Light Out Complaint,76,O'Hare,2024,94,94,0,4.57,23.2
Street Light Out Complaint,76,O'Hare,2025,120,116,4,4.56,15.02
Street Light Out Complaint,76,O'Hare,2026,76,70,6,2.45,10.72
Street Light Out Complaint,77,Edgewater,2019,341,341,0,26.76,104.47
Street Light Out Complaint,77,Edgewater,2020,344,344,0,12.57,55.27
Street Light Out Complaint,77,Edgewater,2021,359,359,0,3.53,13.43
Street Light Out Complaint,77,Edgewater,2022,357,356,1,5.0,36.01
Street Light Out Complaint,77,Edgewater,2023,297,295,2,3.84,23.65
Street Light Out Complaint,77,Edgewater,2024,251,245,6,3.09,28.93
Street Light Out Complaint,77,Edgewater,2025,267,262,5,2.72,56.04
Street Light Out Complaint,77,Edgewater,2026,214,206,8,3.16,19.27
